词条	拼音	分类	释义	例句
太阳	tha55yan21	天文气象		
太阳头里	tha yan deu li	天文气象	太阳照到的地方	倷覅立勒太阳头里呐，啊热箇。
旺太阳	yaon tha yan	天文气象	很强烈的太阳光	
瞎子太阳		天文气象	有较多云彩挡住的太阳，但阳光晒在身上仍很热	~来得个热。
太阳光		天文气象		
阴头里		天文气象	太阳照不到的地方	
天狗吃太阳		天文气象	日蚀	
野太阳吃家太阳		天文气象	日蚀	
月亮	ngeq23lian31	天文气象		
月亮头里		天文气象	月亮照到的地方	
天狗吃月亮		天文气象	月蚀	
野月亮吃家月亮		天文气象	月蚀	
星	sin44	天文气象	星星	
暗星夜		天文气象	没有月亮、星星的黑夜	
天河	thie55ghou21	天文气象	银河	
扫帚星		天文气象	彗星	
大风	dou22fon44	天文气象		
台风	de22fon44	天文气象		
顺风	zen22fon44	天文气象		
顶头风		天文气象		
顶头老逆风		天文气象		
起风	chi41fon34	天文气象		
吹风	tshyu44fon44	天文气象	刮风	
风停则		天文气象	风停了	
风呒不则		天文气象	没风了	
乌云	ou55yun21	天文气象		
雷响	le22shian44	天文气象	①雷，名词：天浪有~；	
雷响	le22shian45	天文气象	②打雷：~则	
空阵头		天文气象	只打雷而没有下雨	
天打	thie55tan21	天文气象	落地雷击中人、畜、建筑物	忤逆爷娘是要~葛。
霍显	hoq55shie52	天文气象	闪电，名词	
雨	yu231	天文气象		
落雨	loq23yu31	天文气象	下雨	
小雨	siau41yu34	天文气象		
毛毛雨		天文气象		
大雨	dou22yu44	天文气象		
阵头雨		天文气象	雷阵雨	
雨停则		天文气象	雨停了	
雨弗落则		天文气象	不下雨了	
落像则		天文气象	从下小雨变成下大雨	
鲎	heu523	天文气象	虹	
沰	toq43	天文气象	淋	衣裳~潮则。（衣服被雨淋湿了。）
冰	pin44	天文气象		
结冰	ciq55pin34	天文气象		
凌堂	lin22daon44	天文气象	挂在屋檐下的冰锥	
冰排	pin55ba21	天文气象	冰雹	
雪	siq43	天文气象		
落雪	loq23siq55	天文气象	下雪	
大雪	dou22siq44	天文气象		
雪珠	siq55tsyu34	天文气象		
雨夹雪		天文气象		
春雪	tshen55siq21	天文气象	春天下的雪	
雪烊则		天文气象	雪化了	
露水	lou22syu44	天文气象		
霜	saon44	天文气象		
霜打	saon55tan21	天文气象	农作物受霜侵袭	
迷露	mi22lou44	天文气象	雾	
天气	thie55chi21	天文气象		
好天	hau41thie34	天文气象	晴天	拣仔好日呒不好天。
阴子天		天文气象	阴天	
天热	thie44gniq23	天文气象		
天冷	thie44lan231	天文气象		
风凉	fon55lian21	天文气象	凉快	
暖热	noe22gniq44	天文气象	暖和	
太阳旺		天文气象	太阳光强	
热显	gniq23shie31	天文气象	太阳光带来的热浪	哀只房间西晒哀，～弗得了。
伏里		天文气象	伏天	
头伏	deu22voq44	天文气象		
二伏	gni22voq44	天文气象	中伏	
大伏	da22voq44	天文气象	中伏	
末伏	meq23voq55	天文气象		
发冷讯		天文气象	寒流来到	明朝要~则。
拗春冷		天文气象	倒春寒	
连底冻		天文气象	①河里连河底都上冻，是最冷的天气；	
连底冻		天文气象	②早上不起床，继续睡，直睡到晚上又该睡觉时，多在冬天很冷的时候会如此	
山	se44	地理方位		
半山腰		地理方位		
山脚下		地理方位		
山涧水		地理方位		
田	die223	地理方位	水田	
稻田	dau22die44	地理方位	专种水稻的田	
菜地	tshe55di21	地理方位		
河	ghou223	地理方位		
浜	pan44	地理方位	小河	
水凼	syu41daon34	地理方位	地面积水	
阴沟	in55keu21	地理方位	道路上排雨水或污水的沟，不露出地面	
河滩浪		地理方位	河边，多指有人工砌成河埠的河岸	俚辣～汏衣裳。
水	syu51	地理方位		
天落水		地理方位	积存的雨水	
橑檐头水		地理方位	下雨时从屋檐上滴下来的水	
发大水		地理方位	水灾	
冷水	lan22syu44	地理方位	凉水	
温吞水		地理方位	温水	
热水	gniq23syu31	地理方位		
滚水	kun41syu34	地理方位	开水	
开水<新>	khe44syu21	地理方位		
石头	zaq23deu31	地理方位		
小石头		地理方位		
石卵子		地理方位	鹅卵石	
沙	so44	地理方位	沙子	
沙泥	so55gni21	地理方位	小沙粒儿	眼睛里有粒~
坯	phe44	地理方位	各种坯子的总称	
土坯	thou41phe34	地理方位		
砖坯	tsoe55phe21	地理方位		
砖头	tsoe55deu21	地理方位	砖	
碎砖头		地理方位	碎砖	
方砖	faon55tsoe21	地理方位	多铺设在传统民居的客厅地面	
瓦爿	ngo22be44	地理方位	瓦	
灰尘	hue55zen21	地理方位	灰尘总称	
塳尘	bon22zen44	地理方位	室内各处的灰尘	
檐尘	yie22zen44	地理方位	室内顶部的灰尘	
烂泥	le22gni44	地理方位	泥土，包括干的和湿的	
金子	cin55tsy21	地理方位		
银子	gnin22tsy44	地理方位		
铜	don223	地理方位		
铁	thiq43	地理方位		
锡	siq43	地理方位		
洋铅皮		地理方位	镀锡的体批	
洋油	yan22yeu44	地理方位	煤油	
石灰	zaq23hue31	地理方位		
梗灰	kan41hue34	地理方位	用作干燥剂的石灰	
水泥	syu41gni34	地理方位		
水门汀		地理方位	做成建筑物的水泥	
吸铁石		地理方位	磁铁	
玉	gnioq23	地理方位		
夫炭	fu55the21	地理方位	一种木炭	
柏油	paq55yeu34	地理方位		
桐油	don22yeu44	地理方位		
煤炭	me22the44	地理方位	煤渣，可用来铺路	
村庄	tshen55tsaon21	地理方位		
村	tshen44	地理方位		
路	lou231	地理方位	城里最宽的一类道路	人民~
街	ka44	地理方位	城里较宽的一类道路，两边一般有商店	观前~
巷	ghaon231	地理方位	比较窄的道路，两边一般都是住家，没有商店，是苏州城区最常见的道路通名	大井~
弄堂	lon22daon44	地理方位	最窄的道路，只有住家，没有商店	
城门洞		地理方位		
阎王路		地理方位	特别不好走的路	
场化	zan22ho44	地理方位		
地方	di22faon44	地理方位		
上头	zaon22deu44	地理方位		
下头	gho22deu44	地理方位		
济面	tsi55mie21	地理方位	左边	
左面<新>	tsou55mie21	地理方位	左边	
右面	yeu22mie44	地理方位	右边	
横多里		地理方位	横的方向	
当中	taon55tson21	地理方位	中间	
地当中		地理方位	空间的中心位置，多指室内的	
内当中		地理方位	其中	~有弗少缠弯里曲勒海。（其中有很多曲折内情呢。）
前头	zie22deu44	地理方位		
后头	gheu22deu44	地理方位		
前脚...后脚..	zie22ciaq44…gheu22ciaq44	地理方位	两件事前后紧连着发生	倷前脚走俚后脚就来则。（你刚走他就来了。）
末脚	meq23ciaq55	地理方位	末尾	排队排辣个~。
屁股头		地理方位	末尾	
对过	te55kou21	地理方位	对面	
门前	men22zie44	地理方位	面前	
眼门前		地理方位	跟前儿	
背后头		地理方位	背后	
阴山背后		地理方位	比喻常年找不到太阳地方或最冷僻的地方	
世界天浪		地理方位	世界上、天下	~朆看见过哀种事体！
里向	li22shian44	地理方位	里头	
里势	li22syu44	地理方位	里头	
外头	nga22deu44	地理方位		
外势<老>	nga22syu44	地理方位		
边浪	pie55laon21	地理方位	旁边儿	
边边浪		地理方位	旁边儿	
边浪向		地理方位	旁边儿	
近段	jin22doe44	地理方位	附近	
转角嘴		地理方位	拐角处	
天浪	thie55laon21	地理方位	天上	
地浪	di22laon44	地理方位	①地下；	当心特勒~。（当心掉地下！）
地浪	di22laon45	地理方位	②地上	~忒龌龊。（地上太脏。）
台子浪		地理方位	桌上	
城里向		地理方位		
城里	zen22li44	地理方位		
乡下头		地理方位		
乡下	shian55gho21	地理方位		
心里向		地理方位		
心里	sin55li21	地理方位		
手里向		地理方位		
手里	seu41li34	地理方位		
路边浪		地理方位	路边	
水里向		地理方位		
水里	syu41li34	地理方位		
山浪	se55laon21	地理方位	上上	
路浪	lou22laon44	地理方位	路上	
街浪	ka55laon21	地理方位	街上	
镇浪	tsen55laon21	地理方位		
墙头浪		地理方位	墙上	
车子浪		地理方位	车上	
门口头		地理方位	门口	
楼脚下头		地理方位	楼脚下	
脚底下		地理方位		
床底下		地理方位		
碗底坨		地理方位	碗底儿	
望里向走		地理方位	望里走	
望外头走		地理方位	望外走	
望前头走		地理方位	望前走	
回头走		地理方位		
春天	tshen55thie21	节令时间		
热天	gniq23thie31	节令时间	夏天	
秋天	tsheu55thie21	节令时间		
冷天	lan22thie44	节令时间	冬天	
打春	tan41tshen34	节令时间	立春	
历本	liq23pen31	节令时间	历书	
月份牌		节令时间	旧时挂在墙上的日历，每天一张	
大年夜		节令时间	除夕	
小年夜		节令时间	除夕的前一夜	
年夜头		节令时间	岁末（农历）	
年初一		节令时间		
拜年	pa52gnie223	节令时间		
正月半		节令时间	农历正月十五	
清明节		节令时间		
寒食节		节令时间	清明前一天	
端午节		节令时间		
八月半		节令时间		
中秋节		节令时间		
七月初七		节令时间		
七月半		节令时间	鬼节，祭祖的日子	
重阳节		节令时间		
冬至	ton55tsyu21	节令时间	苏州俗谚“冬至大如年“，是重要节日	
今年	cin55gnie21	节令时间		
旧年	jieu22gnie44	节令时间	去年	
开年	khe55gnie21	节令时间	明年	
前年子		节令时间	前年	
大前年子		节令时间	大前年	
往年	uaon55gnie21	节令时间		
后年	gheu24gnie21	节令时间		
大后年		节令时间		
闰年	zen22gnie44	节令时间		
年初头浪		节令时间	年初（农历）	
"年底 "	gnie22ti44	节令时间		
一个月		节令时间		
一个号头		节令时间		
软热<老>	ngoe22gniq44	节令时间	年月的月	住仔三个~
月	ngeq23	节令时间	年月的月	
号头	ghau22deu44	节令时间	年月的月	
大月	dou22ngeq44	节令时间	农历三十天的月份	
小月	siau41ngeq34	节令时间	农历二十九天的月份	
正月	tsen55ngeq21	节令时间	农历一月	
闰月	zen22ngeq44	节令时间		
闰几月		节令时间	如闰八月、闰六月	
着上个月		节令时间	三月的时候说一月	
着上个号头		节令时间	三月的时候说一月	
上个月		节令时间		
上个号头		节令时间		
哀个月		节令时间	这个月	
哀个号头		节令时间	这个月	
下个月		节令时间		
下个号头		节令时间		
号头浪		节令时间	阳历的月初	
月半	ngeq23poe31	节令时间	农历每个月的第十五天	
月底	ngeq23ti31	节令时间	多指阳历月底	
一个礼拜		节令时间		
日脚		节令时间	日子	
今朝	cin55tsau21	节令时间	今天	
今朝点		节令时间		
昨日		节令时间	昨天	
昨日搭		节令时间		
昨日子搭		节令时间		
明朝	men22tsau44	节令时间	明天	
后日	gheu24gniq21	节令时间	后天	
前日	zie22gniq44	节令时间		
前日子		节令时间		
前日子搭		节令时间		
大前日		节令时间	大前天	
大后日		节令时间	大后天	
搿日		节令时间	那天，某一天	
搿日子		节令时间	那天，某一天	
搿日子搭		节令时间	那天，某一天	
礼拜日		节令时间		
礼拜	li24pa21	节令时间		
一日天		节令时间	一天	
大半日		节令时间		
半日天		节令时间	半天	
上半日		节令时间	上午	
上昼<老>	zaon24tseu21	节令时间	上午	
上晚昼		节令时间	上午	
中浪快		节令时间	将近中午	
中浪	tson55laon21	节令时间	中午	
中昼心里		节令时间	正午	
下半日		节令时间	下午	
下昼<老>	gho24tseu21	节令时间	下午	
下晚昼		节令时间	下午	
半夜三更		节令时间		
半夜把		节令时间		
大清老早		节令时间	大清早	
天亮快		节令时间	天快亮的时候	
朝浪	tsau55laon21	节令时间	早晨	
日里	gniq23li31	节令时间	白天	
夜快	ya41khua34	节令时间	傍晚	
垂夜快		节令时间	傍晚	
黄昏	waon22huen44	节令时间	晚上七点到九点的时候	
黄昏头		节令时间	晚上七点到九点的时候	
夜里	ya55li21	节令时间	从天黑到天亮的一段时间	
夜头	ya55deu21	节令时间	从天黑到天亮的一段时间	
一夜天		节令时间	整夜	
半夜把		节令时间	半夜	~就要起来，实头吃弗消（半夜就要起床，真受不了。）
上半夜		节令时间		
下半夜		节令时间		
阴历	in55liq21	节令时间		
阳历	yan22liq44	节令时间		
日朝	gniq23tsau31	节令时间	每天	
日逐	gniq23zoq55	节令时间	每天	
号	ghau231	节令时间	阳历年月日的日	今朝是三~。
辰光	zen22kuaon44	节令时间	时间、时候	~蛮快（时间很快。）|啥~则？（什么时候了？）
一点敲过		节令时间	一点刚过，”一点“可以是其他钟点	
老底子		节令时间	原先	
以前<新>	i55zie21	节令时间	原先	
老法头		节令时间	比”以前“更早	
从前	zon24zie21	节令时间	比”以前“更早	
前番	zie22fe44	节令时间	前一次	~我来过一埭（前一次我来过一趟。）
前伐<老>	zie22vaeq44	节令时间	前一次	
先起头		节令时间	早先	
上上来		节令时间	最初	
上勒浪		节令时间	最初	
现在	yie22ze44	节令时间		
姑歇<老>	kou55shiq21	节令时间		
姑掀<更老>	kou55shie21	节令时间		
目前目后		节令时间	正说话的时刻	俚~就要来则。
后手来		节令时间		
后来	gheu22le44	节令时间		
过后	kou55gheu21	节令时间	后来（指过去某事之后。）	
以后	i55gheu21	节令时间		
一歇	iq55shiq55	节令时间	①一会儿；	坐脱~。
一歇	iq55shiq56	节令时间	②很久	去仔~哉惑（去了很久啦。）
一掀<更老>	iq55shie34	节令时间	①一会儿；	
一掀<更老>	iq55shie35	节令时间	②很久	
一歇歇		节令时间	一小会儿，比”一歇“时间短	
晏歇	e41shiq34	节令时间	待会儿	~再讲。
等歇	ten52shiq21	节令时间	待会儿	
阿掀点		节令时间	待会儿	
此番	tshy55fe21	节令时间	这一回	~我弗去则。
三日两头		节令时间	常常	
日常世间		节令时间	一天又一天的日常生活	每日要五块，~下来匣要弗少铜钿得来。（每天要五元，长期下来也要不少钱呢。）
插秧	tshaeq55ian34	工业农业		
罱河泥		工业农业	一种积肥方法，用工具在河底夹取和你	
耘稻	yun223dau231	工业农业	跪在稻田里用双手除草	
耥稻	thaon52dau231	工业农业	用耥靶在稻田里除草	
斫稻	tsoq43dau51	工业农业	割稻	
斫麦	tsoq43za223	工业农业	割麦	
斫草	tsoq43tshau51	工业农业	割草	
斫柴	tsoq43za223	工业农业	砍柴	
掼稻	gue231dau231	工业农业	为稻子人工脱粒	
掼麦	gue231maq23	工业农业	为麦子人工脱粒	
轧米	gaeq23mi231	工业农业	碾米	
拔草	baeq23tshau51	工业农业		
稻穗头		工业农业	稻穗	
坌地	ben231di231	工业农业	用锄头等农具翻土	
垩田	o52di223	工业农业	施肥	
炕缸	khan55kaon21	工业农业	农村存放粪便的大缸	
猪窠灰		工业农业	猪粪肥	
捉狗屎		工业农业	拾粪	
肥田粉		工业农业	旧时常用的一种化肥	
浇水	ciau44syu51	工业农业		
车水	tsho44syu51	工业农业	用水车灌溉农田	
拎水	'''lin55syu21'	工业农业	提水，多为从河里取水	
井	tsin51	工业农业		
吊水	tiau52syu51	工业农业	从井里取水	
锄头	zy22deu44	工业农业	最重要的的农具，松土、锄草用	
铁搭	thiq55taeq55	工业农业	锄地、碎土的农具	
镰刀	lie22tau44	工业农业		
䤿	ciq43	工业农业	一种镰刀	
粪桶	fen55don21	工业农业	挑粪用的木桶	
水车	syu41tsho34	工业农业		
犁	li223	工业农业		
栈条	ze22tiau44	工业农业	用竹篾编成的长席，用来围囤粮食	
风车	fon55tsho21	工业农业	使米粒跟稻谷壳分离的农具	
磨子	mo22tsy44	工业农业	石磨	
磨爿	mo22be44	工业农业	磨盘	
上爿	zaon22be44	工业农业	磨盘的上片	
下爿	gho22be44	工业农业	磨盘的下片	
磨心	mo22sin44	工业农业	磨脐儿	
筛	sa44	工业农业		
石臼	zaq23jieu31	工业农业	碓（指整体）	
铡刀	zaeq23tau31	工业农业		
斫刀	tso55tau34	工业农业	砍刀	
箩	lou223	工业农业		
𥳖	bu231	工业农业	竹制箩筐◇《集韵》姥韵伴姥切”竹器“	
扁担	pie52te21	工业农业		
蒲包	bu22pau44	工业农业	一种用蒲草编的包装袋	
叉袋	tsho55de21	工业农业	一种常用的粗麻布口袋	
麻叉袋		工业农业	一种常用的粗麻布口袋	
榔头	laon22deu44	工业农业	锤子	
斧头	fu41deu34	工业农业	斧子	
锯子	ke55tsy21	工业农业		
推刨	the55bau21	工业农业	刨子	
木屑		工业农业	锯末	
刨花	bau22ho44	工业农业	用刨子刨下来的卷起来的薄木片	
斩片	tse55phie21	工业农业	木匠加工木器时用斧子砍下的不规则的木片	
洋钉	yan22tin44	工业农业	钉子	
老虎钳		工业农业	钢丝钳	
结镊子		工业农业	镊子	
铰链	kau55lie21	工业农业	合叶	
纸金	tsy41tin34	工业农业	麻刀，抹墙用的碎麻，放在泥灰中增加凝聚力	
剃头刀		工业农业	剃刀	
轧剪	gaeq23tsi31	工业农业	理发推子	
鐾刀布		工业农业		
洋机	yan22ci44	工业农业	缝纫机	
尺	tshaq43	工业农业		
熨斗	yun22teu44	工业农业		
梭子	sou55tsy21	工业农业		
山笆	se55po21	工业农业	一种藤制容器	
升箩	sen55lou21	工业农业	木制量具，呈倒梯形，十分之一斗	
栲栳	kheq55lau52	工业农业	用柳条编的盛粮容器，可盛稻谷近一百斤	
作台板		工业农业	厨师、工匠等工作用的案子	
店家	tie55ka21	商业交通邮电	店铺	
栈房	ze22vaon44	商业交通邮电	普通的旅馆	
客栈	khaq55ze52	商业交通邮电	普通的旅馆	
吃食店		商业交通邮电	饮食店	
饭店	ve22tie44	商业交通邮电	普通的饭馆	今朝弗烧则，到~里去吃吧。（今天不做饭了，上饭馆吃吧。）
菜馆	tshe55kuoe21	商业交通邮电	较高当的饭馆	松鹤楼~（苏州著名饭馆）
菜思馆		商业交通邮电	较高当的饭馆，但“松鹤楼”不能说“松鹤楼~”	
酒店	tseu52tie21	商业交通邮电	旧时指专卖酒的店，小的酒店，顾客带瓶子来打了酒回家去喝，大的酒店，顾客可以坐在店堂里喝。	元大昌~（苏州著名酒店）
面店	mie22tie44	商业交通邮电	转售熟的面条的店	苏州人早晨常在~吃面条作早餐。
布店	pu55tie21	商业交通邮电		
百货店		商业交通邮电		
烟纸店		商业交通邮电	卖香烟卫生纸等零用杂货的小店	
酱园	tsian55yoe21	商业交通邮电	制作酱、酱油、酱菜的作坊，兼出售油盐酒醋和酱制品的较大店铺	
米店	mi22tie44	商业交通邮电	以出售大米为主的粮店	
茶馆店		商业交通邮电	茶馆	
剃头店		商业交通邮电	理发店	
肉墩头		商业交通邮电	肉店	
染坊	gnie22faon44	商业交通邮电		
冶坊	ya22faon44	商业交通邮电	旧时的铸造作坊，铸铁锅等	
典当	tie52taon21	商业交通邮电		
当头	taon55deu21	商业交通邮电	到典当去当的东西	
当当头		商业交通邮电	拿东西到典当里去当	
赎当头		商业交通邮电	从典当里赎回所当的东西	
煤球店		商业交通邮电	煤店	
混堂	wen22daon44	商业交通邮电	浴室	
南货店		商业交通邮电	经营各地干货食品的商店	
老虎灶		商业交通邮电	卖开水的处所	
薰胴担		商业交通邮电	旧时出售薰胴的单子，熏胴都在~沿街叫卖	
跑单帮		商业交通邮电	旧指在甲地买货物到乙地卖，带贬义	
招牌	tsau55ba21	商业交通邮电		
广告	kuaon52kau21	商业交通邮电		
合本	gheq55pen52	商业交通邮电	合伙儿	
做生意		商业交通邮电	经商	
店面	tie55mie21	商业交通邮电	商店的门面	
店堂	tie55daon21	商业交通邮电	商店、饭馆等的进行营业的屋子	
摆摊头		商业交通邮电	摆摊儿	
盘货	boe223hou523	商业交通邮电		
柜台	jiu22de44	商业交通邮电		
租房子		商业交通邮电		
强	jian223	商业交通邮电	（价钱）便宜	两角洋钿一斤是~葛。（两角钱一斤是便宜的。）
贵	ciu523	商业交通邮电		
排门板		商业交通邮电	店铺门面一排可以拆卸的门板	
色板	seq55pe52	商业交通邮电	店铺门面一排可以拆卸的门板	
合算	gheq55soe412	商业交通邮电	划算	
讨虚头		商业交通邮电	卖主多报卖价	
老价三		商业交通邮电	高价	俚葛件衣裳是~。（他那件衣服是高价啊。）
拆蚀	tshaq55zeq55	商业交通邮电	吃亏	
蚀本	zeq23pen31	商业交通邮电	亏本	
欠	chie523	商业交通邮电		
倒板帐		商业交通邮电	发现吃亏上当后重新找人算账	
杀价	saeq55ka412	商业交通邮电	压价	
上市	zaon22zy44	商业交通邮电	商品进入市场出售	
落市	loq23zy31	商业交通邮电	新鲜瓜果蔬菜因过了时令退出市场	
打烊	tan51yan231	商业交通邮电	晚上暂停营业休息	
搁煞货		商业交通邮电	卖不出去的滞销货	
零散铜钿		商业交通邮电	零钱	
零散	lin22se44	商业交通邮电		
侧倒	tseq55tau52	商业交通邮电	剩下的全部买了，包圆儿	
盘缠	boe22zoe44	商业交通邮电	路费	
运道好		商业交通邮电	运气好	
账房	tsan55vaon21	商业交通邮电		
开销	khe55siau21	商业交通邮电		
赚铜钿		商业交通邮电	赚钱	
吃赔账		商业交通邮电	承担赔偿责任	
利钿	li22die44	商业交通邮电	利息	
讨债	thau52tsa523	商业交通邮电	要账	
水牌	syu41ba34	商业交通邮电	临时记账用的木牌或铁牌	
发票	faeqp55hiau412	商业交通邮电		
趸当	ten41taon34	商业交通邮电	整批地（买卖）	
找	tsau51	商业交通邮电	找（钱）	
铜钿	don22die44	商业交通邮电	①铜钱，当中有方孔；	
铜钿	don22die45	商业交通邮电	②钱的统称	
钞票	tshau52phiau21	商业交通邮电	①纸币；	
钞票	tshau52phiau22	商业交通邮电	②钱的统称	
票子	phiau55tsy21	商业交通邮电	①纸币；	
票子	phiau55tsy22	商业交通邮电	②钱的统称	
洋钿	yan22die44	商业交通邮电	①银元；	一块~（一块钱）|一角~（一角钱）
洋钿	yan22die45	商业交通邮电	②钱的统称，但只能用在钱数后，这时“洋”可以	一块~（一块钱）|一角~（一角钱）
（几/多）骨钿/脸<老>	（ci/ta）kueq52die21	商业交通邮电	变读为an	搿里向多~勒海。（这里边<值>好多钱呢。）
一块	iq55khue412	商业交通邮电	一元（钱）	
一块洋钿		商业交通邮电	一元（钱）	
一只羊		商业交通邮电	一元钱，略有谐谑义。“羊”来自“洋钿”的“洋”谐音。多少元钱就可说多少只羊	
一角	iq55koq55	商业交通邮电	一角（钱）	
一角洋钿		商业交通邮电	一角（钱）	
铜板	don22pe44	商业交通邮电	旧时的钱，当中无洞	
一个铜板		商业交通邮电	一个铜子儿	~匣无不。（一个子儿也没有）
一个铜钿		商业交通邮电	一个铜子儿	
角子	koq55tsy52	商业交通邮电	硬币	
工钿	kon55die21	商业交通邮电	工钱	
本钿	pen41die34	商业交通邮电	本钱	
算盘	soe55boe21	商业交通邮电		
秤	tshen523	商业交通邮电	秤的统称，旧时多指杆秤。以下至“鲜”条都是关于杆秤的	
秤盘	tshen55boe21	商业交通邮电		
秤星	tshen41sin34	商业交通邮电		
秤梗	tshen55kan21	商业交通邮电	秤杆儿	
秤着钩		商业交通邮电	秤钩	
秤砣	tshen55dou21	商业交通邮电		
秤纽绳		商业交通邮电	秤毫	
鲜	sie44	商业交通邮电	称东西时秤杆上翘，显示的重量比实际略多	秤得蛮~勒海。（斤两称得略有余。）
磅秤	paon52tshen21	商业交通邮电		
戥盘秤		商业交通邮电	戥子	
戥盘	ten41boe34	商业交通邮电	戥盘秤的秤盘	
铁路	thiq55lou412	商业交通邮电		
火车	hou41tsho34	商业交通邮电		
公路	kon55lou21	商业交通邮电		
汽车	chi55tsho21	商业交通邮电		
站头	ze22deu44	商业交通邮电	“车站”的“站”	车子停辣~浪。（车停在站上。）
货色车		商业交通邮电	货车（指汽车的）	
公共汽车		商业交通邮电		
三轮车		商业交通邮电	载人的三轮车	
黄包车		商业交通邮电	旧时用人力拉人的交通工具	
人力车		商业交通邮电	黄包车的正式名称	
黄鱼车		商业交通邮电	运货三轮车	
脚踏车		商业交通邮电	自行车	
塌车	thaeq55tsho34	商业交通邮电	一种人拉运货的木板车	
老爷车		商业交通邮电	老出毛病的车，比喻像老爷那样要人伺候	
船	zoe223	商业交通邮电		
航船	ghaon22zoe44	商业交通邮电	用于运输的木船，客货都运，旧时的重要交通工具	
驶蓬船		商业交通邮电	帆船	
舢板	se55pe21	商业交通邮电		
网船	maon22zoe44	商业交通邮电	渔船	
蓬	bon223	商业交通邮电	帆	
棚	ban223	商业交通邮电	盖在船上的蓬	
舵	dou231	商业交通邮电		
橹	lou231	商业交通邮电		
桨	tsian51	商业交通邮电		
篙子	kau55tsy21	商业交通邮电	竹篙	
平箕	bin22ci44	商业交通邮电	船舱上可活动的改版	
跳板	thiau55pe21	商业交通邮电	连接船和河岸间的狭长木板	
撑篙	tshan55kau21	商业交通邮电	撑竹篙，人力木船行驶的重要动力	
摇橹	yau223lou231	商业交通邮电	这是人力木船行驶的主要动力	
背纤	pe55hi523	商业交通邮电	拉纤	
扭绷	gnieu55pan21	商业交通邮电	摇船时，扯住橹的绳子前后扭动，以协助摇橹的人，多由孩子担任	
推艄	the55sau21	商业交通邮电	往前推船舵，使船向右行	
扳艄	pe55sau21	商业交通邮电	往身边拉船舵，使船向左行	
摆渡船		商业交通邮电		
摆渡	pa51dou231	商业交通邮电		
摆渡口		商业交通邮电		
轮船	len22zoe44	商业交通邮电		
机帆船		商业交通邮电	装有柴油发动机的船	
插蜡烛		商业交通邮电	车、船（机械动力的船）途中发生故障	
众牲	tson55san21	动物	畜生	
雄马	yon22mo44	动物	公马	
雌马	tshy55mo21	动物	母马	
雄牛	yon22gnieu44	动物	公牛	
雌牛	tshy55gnieu21	动物	母牛	
黄牛	waon22gnieu44	动物		
水牛	syu41gnieu34	动物		
小牛	siau41gnieu34	动物		
驴子	li22tsy44	动物		
骡子	lou22tsy44	动物	很多人不能清楚地在名称上区分“驴子”和~，还不能清楚地在外型上区分马和~	
羊妈妈		动物	儿语“羊”，成年人也说	
绵羊	mie22yan44	动物		
山羊	se22yan44	动物		
小羊	siau41yan34	动物	羊糕	
狗	keu51	动物		
雄狗	yon22keu44	动物	公狗	
雌狗	tshy55keu21	动物	母狗	
巴儿狗		动物		
猫	mau223	动物		
雄猫	yon22mau44	动物	公猫	
雌猫	tshy55mau21	动物	母猫	
猪	tsyu44	动物		
猪猡	tsyu55lou21	动物	①猪；	
猪猡	tsyu55lou22	动物	②用来骂人	
猪口口		动物	儿语“猪”，成年人也说	
猪郎	tsyu55laon21	动物	种猪	
老猪婆		动物	老母猪	
小猪	siau41tsyu34	动物		
兔子	thou55tsy21	动物		
鸡	ci44	动物		
鸡瓜瓜		动物	儿语“鸡”，成年人有时也说	
雄鸡	yon22ci44	动物	公鸡	
雌鸡	tshy55ci21	动物	母鸡	
小鸡	siau41ci34	动物		
伏小鸡		动物	孵小鸡◇伏，《广韵》宥韵扶富切“鸟菢子也”	
老伏鸡		动物	老母鸡	
讨伏鸡		动物	想要孵蛋的老母鸡	
踏雄	daeq23yon223	动物	鸡交配	
驐	ten44	动物	阉（猪，鸡等）	
鸡蛋	ci55de21	动物		
生蛋	san44de231	动物	下蛋	
鸡冠头		动物	鸡冠	
鸡脚爪		动物	鸡爪子	
鸭	aeq43	动物	鸭子	
鸭连连		动物	儿语”鸭子“，成年人也说	
雄鸭	yon22aeq44	动物	公鸭	
雌鸭	tshy55aeq21	动物	母鸭	
鸭蛋	aeq55de412	动物		
白乌龟		动物	鹅	
鹅得头		动物	鹅头顶上突起的东西	
鸟	tiau51	动物		
老鸦	lau22o44	动物	乌鸦	
喜鹊	shi41tshiaq34	动物		
麻雀	mo22tsiaq44老	动物		
燕子	ie55sy21	动物		
雁鹅	nge22ngou44	动物	大雁	
鹁鸽	beq23keq55	动物	鸽子	
鹦哥	an55kou21	动物	鹦鹉	
仙鹤	sie55ngoq21	动物	鹤	
老鹰	lau22in44	动物		
老虎	lau22hou44	动物		
雌老虎		动物	①母虎；	
雌老虎		动物	②比喻凶悍的妇女	
熊	yon223	动物		
豹	pau523	动物		
狐狸	ghou22li44	动物		
狧狲	weq23sen31	动物	猴子	
蛇	zo223	动物		
火赤练		动物	一种毒蛇	
黄鼠狼		动物		
老虫	lau22zon44	动物	老鼠	
四脚蛇		动物	蜥蜴	
蝙蝠	pie41foq34	动物		
鸡夹	ci55kaeq21	动物	翅膀	
窠	khou44	动物	窝	
蚕宝宝		动物	蚕	
结蛛	ciq55tsyu34	动物	蜘蛛	
蟢蛛	shi41tsyu34	动物		
蚂米	mo22mi44	动物	蚂蚁	
蝼蛄	leu22kou44	动物		
曲蟮	chioq55zoe52	动物	蚯蚓	
蜗牛	ou55gnieu21	动物		
百脚	paq55ciaq55	动物	蜈蚣	
壁虎子		动物	壁虎	
苍蝇	tshao55nyin21	动物		
蚊子	men22tsy44	动物		
白虱	paq23seq55	动物	虱子	
壁虱	piq55seq55	动物	臭虫	
跳虱	diau22seq44	动物	跳蚤	
才蝍	ze22tsiq44	动物	蟋蟀	
蟑螂	tsaon55laon21	动物		
叫哥哥		动物	蝈蝈	
各蜢	koq55man52	动物	蝗虫	
螳螂	daon22laon44	动物		
知了	tsyu55liau21	动物	蝉	
洋兹他		动物	一种较小的蝉	
蜜蜂	miq23fon31	动物		
胡蜂	ghou22fon44	动物	马蜂	
口	saq43	动物	（马蜂）蜇（人）	
胡蜂窠		动物	马蜂窝	
蜜糖	miq23daon31	动物	蜂蜜	
蝴蝶	ghou22diq44	动物		
蜻蜓	sin55din21	动物		
硬壳虫		动物	瓢虫	
麦蝴蝶		动物	飞蛾	
游火虫		动物	萤火虫	
拆屁虫		动物	臭大姐	
鲤鱼	li22ng44	动物	苏州人认为~要跳龙门，故不吃~	
回鱼	we22ng44	动物	草鱼	
青鱼	tsi55ng21	动物		
鲢鱼	lie22ng44	动物	包括鲢鱼和鳙鱼	
白鲢	baq23lie31	动物	鲢鱼	
花鲢	ho55lie21	动物	鳙鱼	
鲫鱼	tsiq55ng34	动物		
鳜鱼	ciu55ng21	动物		
鳊鱼	pie55ng21	动物		
鲇鱼	gnia22ng44	动物		
鲥鱼	zy22ng44	动物		
白鱼	baq23ng31	动物	太湖特产	
黑鱼	heq55ng34	动物		
穿鲦鱼		动物	白鲦鱼	
盎丝鱼		动物	一种鱼，不大，有须，鱼刺少	
塘鲤鱼		动物	一种鱼，与盎丝鱼类似	
银鱼	gni22ng44	动物	产于太湖的一种特别小的鱼	
鲞鱼	sian41ng34	动物	一种鱼，多腌了吃，也可吃新鲜的，不是鱼干	
咸鲞鱼		动物	腌了的鲞鱼	
黄鱼	waon22ng44	动物		
华鱼	gho22ng44	动物		
裙带鱼		动物	带鱼	
乌贼鱼		动物	墨鱼	
鳗鲡	moe22li44	动物	鳗鱼	
金鲫鱼		动物	金鱼	
鱼鳞爿		动物	鱼鳞	
鱼骨头		动物	鱼刺	
鱼泡泡		动物	鱼鳔	
鱼革鳃		动物	鱼鳃	
甩水		动物	做菜的鱼尾，最适合做~的是青鱼的尾巴	
鱼子	ng22tsy44	动物	鱼子儿	
虾	ho44	动物		
虾子	ho55tsy21	动物	虾的卵	
虾仁	ho55gnin21	动物	去头和壳的鲜虾	
虾米	ho55mi21	动物	干的虾仁	
开洋	khe55yan21	动物	较大的虾米	
虾皮	ho55bi21	动物	晒干的小虾，带头和壳	
黄鳝	waon22zoe44	动物	鳝鱼	
脚鱼	ciaq55ng34	动物	鳖	
蟹	ha51	动物	螃蟹	
大闸蟹		动物	产于苏州阳澄湖的螃蟹，是著名品牌	
梭子蟹		动物	海蟹	
蟹黄	ha41huaon34	动物		
九雌十雄		动物	农历九月时母螃蟹成熟，十月公螃蟹成熟，故有此说	
挨蜊	a55li21	动物	蚌	
螺蛳	lou22sy44	动物	多产于小河，苏州人爱吃	
田螺	die22lou44	动物	产于水天的较大螺蛳，可食	
田鸡	die22ci44	动物	青蛙	
蛤蟆	ghaon22mo44	动物	蝌蚪	
癞团	la22doe44	动物	癞蛤蟆	
泥鳅	gni22tsheu44	动物	以前苏州人认为~不可食	
蚂蟥	mo22waon44	动物		
乌龟	ou55ciu21	动物	苏州人认为~不可食	
树	zyu231	植物		
松树	son55zyu21	植物		
松果	son55kou21	植物	松球	
柏树	paq55zyu412	植物		
桑树	saon55zyu21	植物		
桑葚	saon55tsen21	植物		
杨柳树		植物	①柳树；	
杨柳树		植物	②也可指杨树，二者分不清	
梧桐树		植物		
梧桐	ngou22don44	植物		
树梗	zyu22kan44	植物	树干	
树梢	zyu22sau44	植物		
树叶子		植物	树叶	
树丫子		植物	树枝	
竹头	tsoq55deu34	植物	竹子	
笋	sen51	植物	竹笋	
冬笋	ton55sen21	植物		
春笋	tshen552se1n	植物		
笋壳	sen41khoq34	植物		
篾青	miq23tshin31	植物	青篾	
篾黄	miq23waon31	植物	黄篾	
桂花	kue55ho21	植物		
菊花	cioq55ho34	植物		
梅花	me22ho44	植物		
月季花		植物		
蔷薇花		植物		
凤仙花		植物		
荷花	ghou22ho44	植物		
荷叶	ghou22yiq44	植物		
白兰花		植物		
茉莉花		植物	多用于花茶的花	
玳玳花		植物	多用于花茶的花	
千年云		植物	万年青	
花瓣	ho55be21	植物		
花蕊头		植物	花蕾	
芦柴	lou22za44	植物	采摘下的芦苇	
茅柴	mau22za44	植物	茅草	
青粘苔		植物	青苔	
采	tshe51	植物	采摘	
摘	tiq43	植物		
服盆	voq23ben223	植物	花草移植后能适应新的环境，称为~	
稻	dau231	植物		
双季稻		植物	一年内种植、收割两次的水稻	
谷	koq43	植物	稻谷	
砻糠	lon22khaon44	植物	稻谷的外壳	
稻柴	dau22za44	植物	稻草	
稗草子		植物	稗子	
秕谷	pi41koq34	植物	空的或不饱满的稻谷	
米	mi231	植物	稻米	
糙米	tshau55mi21	植物	未舂碾过的米	
白米	baq23mi31	植物	经过舂碾的米	
粳米	kan55mi21	植物	黏性居中的稻米，苏州人当做主食	
大米	dou22mi44	植物		
籼米	sie55mi21	植物	黏性较小的稻米，南方人多用作主食，但苏州人不喜欢吃	
糯米	nou22mi44	植物	江米，黏性最大的稻米，不作主食，只做点心	
米粉	mi22fen44	植物	大米磨成的粉	
小麦	siau41maq34	植物		
大麦	da22maq44	植物		
元麦	gnioe22maq44	植物		
麦柴	maq23za31	植物	麦秸	
麸皮	fu55bi21	植物	麦麸	
面粉	mie22fen44	植物	小麦磨成的粉	
御麦	yu22maq44	植物	玉米	
菜子	tshe55tsy21	植物	油菜子（榨油用）	
棉花	mie22ho44	植物		
黄豆	waon22deu44	植物		
毛豆	mau22deu44	植物	鲜的黄豆，常见蔬菜	
绿豆	loq23deu31	植物		
赤豆	tshaq55deu412	植物	红小豆	
蚕豆	zoe22deu44	植物		
寒寒豆		植物	豌豆	
长豇豆		植物	豇豆	
扁豆	pie52deu21	植物		
菠菜	pu55tshe21	植物		
白菜		植物	大白菜	
青菜	tshin55tshe21	植物	白菜的统称	
大菜	dou22tshe44	植物	一种较大的白菜	
小青菜		植物	比“大菜”小的白菜	
鸡毛菜		植物	白菜秧，作菜吃	
卷心菜		植物	圆白菜（叶子卷成球状的）	
包菜	pau55tshe21	植物		
芹菜	jin22tshe44	植物	芹菜的统称	
药芹	yaq23jin31	植物	芹菜的一种，长在旱地里，即各地常见的芹菜	
水芹菜		植物	芹菜的一种，长在水田里，北方没有	
韭菜	cieu52tshe21	植物		
韭芽	cieu41nga34	植物		
韭黄	cieu41waon34	植物		
苋菜	shie52tshe21	植物	①苋菜的总称；	
苋菜	shie52tshe22	植物	②专指红苋菜	
红苋菜		植物	苋菜的一种，平时只说“苋菜”，为加以区别，才称“红苋菜”	
白苋菜		植物	苋菜的一种	
菜见	tshe55cie21	植物	油菜苔	
塌棵菜		植物	冬季蔬菜，株矮叶大，贴地生长	
蕹菜	on55tshe21	植物	空心菜	
荠菜	zia24tshe21	植物		
蓬蒿菜		植物	茼蒿菜	
香菜	shian55tshe21	植物		
番茄	fe55ga21	植物		
老卜	lau22boq44	植物	萝卜	
太湖老卜		植物	本地一种较好的萝卜	
老卜干		植物	萝卜干儿	
黄老卜		植物	胡萝卜	
辣火	laeq23hou31	植物	辣椒	
灯笼辣火		植物	柿子椒	
茄子	ga22tsy44	植物		
茭白	kau55baq21	植物		
莴苣笋		植物	莴苣	
山芋	se55yu21	植物	甘薯	
山薯	se55zyu21	植物		
洋山芋		植物	马铃薯	
洋芋艿<老>		植物		
芋艿	yu55na12	植物	芋头	
葱	tshon44	植物	小葱	
胡葱	ghou22tshon44	植物	大葱	
洋葱头		植物	洋葱	
大蒜	da22soe44	植物	青蒜，嫩的蒜梗和蒜叶	
大蒜头		植物	蒜头，蒜的鳞茎。苏州人一般不吃生的~	
蒜苗	soe55miau21	植物	蒜薹，蒜的花茎	
芥菜	kat55she21	植物		
慈菇	zy22kou44	植物	一种水田的植物，可做菜	
蕈	zin231	植物	野生蘑菇	
香蕈	shian55zin21	植物	香菇	
蘑菇	mo22kou44	植物	温室培养的蘑菇	
老姜	lau22cian44	植物	①姜的总称；	
老姜	lau22cian45	植物	②专指生姜	
嫩姜	nen22cian44	植物	子姜	
胡椒	ghou22tsiau44	植物		
马兰头		植物	一种常见野菜	
枸杞头		植物	枸杞的嫩叶，可食	
冬瓜	ton55ko21	植物		
南瓜	noe22ko44	植物		
黄瓜	waon22ko44	植物		
丝瓜	sy55ko21	植物		
西瓜	si55ko21	植物		
扁蒲	pie41bu34	植物	瓠子	
活芦	weq23lou31	植物	葫芦	
㼑	lie231	植物	瓜瓤◇《广韵》霰韵郎甸切“瓜~”	
桃子	dau22tsy44	植物		
杏子	ghan22ho44	植物		
杏仁	ghan22gnin44	植物		
梨	li223	植物		
苹果	bin22kou44	植物		
嘉庆子		植物	李子	
枣子	tsau41tsy34	植物	枣儿	
枇杷	biq23bo31	植物		
杨梅	yan22me44	植物		
柿子	zy22tsy44	植物		
柿饼	zy22pin44	植物		
石榴	zaq23leu31	植物		
橘子	cioq55tsy52	植物		
筋	cin44	植物	橘络（橘瓣儿上的丝儿）	
金橘	cin55cioq21	植物		
文旦	ven22te44	植物	柚子	
沙田柚		植物	一种较好的柚子	
桂圆	kue55yoe21	植物	龙眼	
橄榄	ke41le34	植物		
栗子	liq23tsy31	植物		
葡萄	beq23dau31	植物		
蒲桃	bu22dau44	植物	核桃	
沙胡桃		植物	一种小核桃	
香榧子		植物	榧子	
白果	baq23kou31	植物	银杏的果实	
西瓜子		植物	西瓜子儿	
荸荠	beq23zi31	植物		
甘蔗	koe55tsoe21	植物		
长生果		植物	花生（带壳的）	
果肉<老>	kou41gnioq34	植物		
花生米		植物		
长生果衣		植物	花生米外面的红皮	
向日葵		植物		
香瓜子		植物	葵花子儿	
藕	ngeu231	植物		
莲蓬	lie22bon44	植物		
莲心	lie22sin44	植物	莲子	
鸡头米		植物	芡实，苏州著名风味小吃	
菱	lin223	植物		
水红菱		植物	一种菱，红色，多生吃	
老乌菱		植物	一种菱，钝角，多煮熟了吃	
沙瓜菱		植物	一种菱，较小，尖角，煮熟了吃	
开火仓		饮食	开伙	我一干子弗~。（我一个人自己不开火。）
火仓铜钿		饮食	伙食钱	
点饥	tie52ci44	饮食	吃一点东西暂时减轻饥饿，不完全吃饱	
挦毛	zie223mau223	饮食	（为家畜、家禽）去毛	
牵磨	chie55mo21	饮食	用石磨磨东西	
过饭	kou52ve231	饮食	（用菜）下饭	
饭	ve231	饮食	①泛指饭食；	~匣吃弗饱。（饭也吃不饱。）
饭	ve231	饮食	②大米饭，跟其他主食相对；	苏州人只吃~，弗吃馒头。
饭	ve231		③指干的米饭，跟稀的粥相对	
吃饭	chiq43ve231	饮食	这里“饭”的含义同上条	
吃粥	chiq55tsoq55	饮食	①吃早饭；	
吃粥	chiq55tsoq55		②指吃稀的米粥	饭匣吃不起，只好~。
吃点心		饮食	吃早饭的客气说法：	[曾阿]~勒？（吃早饭了吗？常见的早晨的问候语。）
中饭	tson55ve21	饮食	午饭	
夜饭	ya22ve44	饮食	晚饭	
早饭	tsau52ve21	饮食	比正常时间吃得早的饭，比如上午十点吃午饭	
烧饭	sau44ve231	饮食	做饭	
饭烧好则		饮食	饭做好了	
济热	tsi55gniq21	饮食	饭菜凉后重新再加热	
开饭	khe44ve223	饮食	开饭	
盛饭	zen223ve231			
搛菜	cie44tshe523	饮食	夹菜	
烧	sau44	饮食	做（饭菜）	~饭|~小菜|~水
冷饭	lan24ve21	饮食	凉的米饭，多指吃剩的	
扒冷饭		饮食	吃冷饭，常指孩子在下午肚子饿时吃凉的剩饭	放学转来就~。
焦	tsiau44	饮食	糊	
淘米	dau22mi44	饮食		
夹生		饮食	（米饭）半生不熟	
菜饭	tshe55ve21	饮食	加蔬菜一起煮的米饭	
盖浇饭		饮食	把现成的菜肴放在米饭上一块出售，按现代标准，可以说是一种快餐。早年就有现在仍常见。“浇”见“浇头”条。	
米烧粥		饮食	用大米熬成的粥，为区别于饭泡粥而说	
饭泡粥		饮食	用米饭加水煮成，为区别于米烧粥而说	
泡粥	phau55tsoq21	饮食	用米饭加水煮成，为区别于米烧粥而说	
粥	tsoq43	饮食	统称，包括米烧粥和饭泡粥。苏州人后者吃得多，平时说~，多指后者。	
干粥烂饭		饮食	比稀粥水少，比米饭水多的主食	
饭米糁		饮食	米饭粒	
粥饮汤		饮食	熬粥时滗出来的米汤	
饭除	ve22zyu44	饮食	锅巴	
粽子	tson55tsy21	饮食		
团子	doe22tsy44	饮食	一种糯米面食品，圆形，有馅儿，蒸熟	
汤团	thaon55doe21	饮食	一种糯米面食品，圆形，有馅儿，比团子小，在开水里煮熟	
圆子	yoe22tsy44	饮食	一种糯米面食品，圆形，比汤团小，没有馅儿，在开水里煮熟。苏州习俗，年初一早晨吃~	
青团子		饮食	用绿色植物叶子（如南瓜叶）煮烂后和在糯米粉中做成的团子	
糍毛团		饮食	表面粘米饭粒儿的团子	
糍饭团		饮食	糯米饭团，用手捏成，中间多夹油条	
糍饭	tsy55ve21	饮食		
糕	kau44	饮食	一种糯米面食品，方形，蒸熟	
定榫糕		饮食	一种糕，外形像榫头，两头大中间小	
黄松糕		饮食	一种糕，加红糖水发酵蒸制而成	
方糕	faon55kau21	饮食	一种糕，搀面粉发酵蒸制而成	
年糕	gnie22kau44	饮食	一种糕，主要在过年时食用	
糖年糕		饮食	加红糖制成的年糕，不发酵	
猪油年糕		饮食	一种年糕，加未熬炼的成块儿的猪板油	
宁波年糕		饮食	粳米蒸熟后用木锤舂打成的条形年糕，可做成炒年糕、汤年糕。前面各种年糕多是甜的，~是淡的。	
糖粥	daon22tsoq44	饮食	加白糖的粥，一种小吃，旧时沿街叫卖	
面	mie231	饮食	面条	
酵粉	kau55fen21	饮食	发酵用的面团	
老酵	lau22kau44	饮食		
发酵粉		饮食		
肉面	gnioq23mie231	饮食	和面，多用来做包子	
守粉	seu51fen51	饮食	和米面，多用来做汤团、圆子	
小粉	siau41fen34	饮食	淀粉，和面时防止面团沾手用	
馒头	moe22deu44	饮食	有馅儿没馅儿都叫~	肉~（肉包子）
油煠桧		饮食	油条	
油条	yeu22diau44	饮食		
阔面		饮食	较宽的面条	
索面		饮食	挂面（直条的干面条）	
阳春面		饮食	没有菜肴的汤面条	
光面	kuaon55mie21	饮食	没有菜肴的汤面条	
宽汤	khuoe55thaon21	饮食	汤面条的汤较多	
紧汤	cin41thaon34	饮食	汤面条的汤较少	
生煎馒头		饮食	加油、水煎成的肉包子，较小	
让	gnian231	饮食	馅儿	
馄饨	wen22den44	饮食		
烧卖	sau55ma21	饮食		
大饼	da22pin44	饮食	烧饼	
羌饼	chian55pin21	饮食	旧时常见的一种大饼，较大，多为外地人做、售、吃	
老虎脚爪		饮食	一种烤的面食，状如老虎爪子	
绞捩棒		饮食	麻花	
梅花糕		饮食	用面粉做的小吃，梅花柱形，用有模子的铁板烘烤	
海棠糕		饮食	用面粉做的小吃，扁圆形，用有模子的铁板烘烤	
面衣	mie22i44	饮食	用面粉加水调成面糊，用少量油煎成的薄饼，是家常吃的便易食品。	
面疙瘩		饮食	用面粉加水调成面糊，再用筷子随意加成块儿放入沸水中煮成，是家常吃的便易食品	
月饼	ngeq23pin31	饮食		
肉月饼		饮食	肉馅月饼，现烤现卖，宜吃热的	
酒酿饼		饮食	类似月饼，不同处是面中掺江米酒	
鸡蛋糕		饮食	如月饼大小的小蛋糕	
荤小菜		饮食	荤菜	
冷气肉		饮食	冷藏的肉	
热气肉		饮食	新鲜的，没有冷藏过的肉	
斩肉<老>	tse55gnioq21	饮食	肉末	
蹄髈	di22phaon44	饮食	肘子（猪腿靠近身体的部位）	
脚爪	ciaq55tsau52	饮食	猪蹄	
脊里肉		饮食	里脊	
坐臀	zou22den44	饮食	猪后腿肉	
夹心	kaeq55sin34	饮食	猪前腿肉	
肠	zan223	饮食	当食物的猪肠子	
肋条	leq23diau31	饮食	带勒骨的肉	
排骨	ba22kueq44	饮食	带骨头的肉	
大排	dou22ba44	饮食	带脊椎骨的肉	
小排	siau41ba34	饮食	带其他部位骨头的肉	
肚子	dou22tsy44	饮食	猪肚	
门枪	men22tshian44	饮食	当食物的猪舌头	
猪肝	tsyu55koe21	饮食		
腰子	iau55tsy21	饮食		
咸肉	ghe22gnioq44	饮食	腌制的肉	
风肉	fon55gnioq21	饮食	一种较好的咸肉	
熟肉	zoq23gnioq55	饮食	卤肉	
酱肉	tsian55gnioq21	饮食	卤肉	
拆烧	tshaq55sau34	饮食	一种卤制的肉，都是瘦肉	
枵肉	shiau55gnioq21	饮食	一种肉食，加一种中药，使肉呈粉红色	
鸭肫肝		饮食		
血	shiuq43	饮食	猪血	
爆鱼	bau22ng44	饮食	把鲜鱼用酱油和其他作料浸泡后油炸而成	
熏鱼	shiun55ng21	饮食	把鲜鱼用酱油和其他作料浸泡后油炸而成	
薰胴	shiun55don21	饮食	苏州特产，用特殊方法卤制的食品，主要原料是猪内脏	
面拖虾		饮食	将蟹切成两半，加面粉和水烧煮而成，多用较小的蟹做成	
羊汤	yan22thaon44	饮食	羊肉汤，做法有苏州特色，冬天出售，是著名的时令食品	
肉圆	gnioq23yoe31	饮食	肉丸子	
卤	lou231	饮食	鱼肉菜肴里的汤汁	
冻水	ton55syu21	饮食	冬天菜肴（荤菜）汤汁结成的胶状物	
黄	huaon44	饮食	蛋黄	
白	baq23	饮食	蛋清	
溏黄	daon22huaon44	饮食	煎鸡蛋时没有凝结的蛋黄	
茶叶蛋		饮食	加茶叶、酱油、茴香等煮成的鸡蛋	
白焐蛋		饮食	白水煮的鸡蛋	
红蛋	ghon22de44	饮食	把煮熟的鸡蛋的壳染成红色，生孩子后，要向亲友赠送~	
燉蛋	ten55de21	饮食	鸡蛋羹	
炒蛋	tshau52de21	饮食	炒鸡蛋	
荷包蛋		饮食	煎鸡蛋	
水潽蛋		饮食	水煮不带壳的鸡蛋卧鸡子儿	
皮蛋	bi22de44	饮食	松花蛋	
盐鸭蛋		饮食	咸鸭蛋	
喜蛋	shi52de21	饮食	孵小鸡没孵成的鸡蛋，苏州人爱煮了吃	
全喜	zie22de44	饮食	小鸡已经基本成形的喜蛋	
半喜	poe55de21	饮食	小鸡成形成了一般的喜蛋	
混蛋	wen24de21	饮食	还没长成小鸡的形状，蛋黄和蛋清混合来的喜蛋◇没有骂人义	
海蜇	he41zeq34	饮食		
小菜	siau41tshe34	饮食	下饭的菜的统称	
素小菜		饮食	素材	
拣菜	ke52tshe523	饮食	择菜	
烧小菜		饮食	做菜	
冷盆	lan22ben44	饮食	冷盘	
大菜	dou22tshe44	饮食	①一种常见的白菜；	
			②宴席上相对于“冷盆”的热菜	
大菜	da22tshe44	饮食	旧指西餐	
炒头	tshau41deu34	饮食	炒菜，如炒肉丝、炒鳝丝	
热炒	gniq23tshau31	饮食	炒菜，如炒肉丝、炒鳝丝	
鳝糊	zoe22ghou44	饮食	苏州著名的菜肴，用鳝鱼丝炒成	
烂糊肉丝		饮食	大白菜煮肉丝，大白菜煮得较烂	
豆腐	deu22vu44	饮食		
豆腐皮		饮食	腐竹	
百叶	paq55yiq55	饮食	千张	
豆腐干		饮食		
豆腐花		饮食	豆腐脑	
豆腐浆		饮食	豆浆	
咸菜	ghe22tshe44	饮食	限于用盐腌制的带叶子的蔬菜，如腌的雪里蕻	
乳腐	zyu24vu21	饮食	豆腐乳	
索粉		饮食	粉丝	
面筋	mie22cin44	饮食	粉皮（片状的）	
油面筋		饮食	用面粉制作的一种副食品	
臭豆腐干		饮食	油炸的面筋	
木耳	moq23gni31	饮食		
黑木耳		饮食		
白木耳		饮食	银耳	
金金菜		饮食	金针菜	
扁尖	pie41tsie34	饮食	一种干的小竹笋，常放在炖的肉、鸡里作配菜	
乌头	ou55deu21	饮食	鱼肉中的配菜	
浇头	ciau55deu21	饮食	加在米饭或面条（煮熟的）上的菜肴	
化	ho523	饮食	轻划	拿刀~~开。（拿刀轻轻划开。）
煸	pie44	饮食	烹调方法	~青菜（炒青菜）
燉	ten523	饮食	烹调方法，蒸（菜），不包括蒸馒头	炖蛋（鸡蛋羹）
熯<老>	ho523	饮食	烹调方法，用文火烘烤	~酒酿饼
烘	hon44	饮食	烹调方法，用文火烘烤	~酒酿饼
氽	then51	饮食	油炸	~油煠桧（炸油条）
闸	zaeq23	饮食	用大火煮	~老卜（煮萝卜）
笃	toq43	饮食	熬（粥、肉汤等）	汤侪~干哉。（汤都熬干了。）
白笃	paq23toq55	饮食	烹调方法，大体同笃，但强调不放酱油，不上色	
枕	tsen51	饮食	一种把冷米饭加热的方法。在冷饭里倒少量水，等水少干后米饭就熟了	
煆	ho523	饮食	蒸热凉的饭菜	碗肉放辣饭镬浪～一～。（这碗肉放在饭锅里熥一熥。）《集韵》祃韵虚讶切“《博雅》爇也”
紫	tsy51	饮食	白水煮（年糕块）	~点年糕吃吃。（煮点年糕吃。）
汆汤	tshoe44thaon44	饮食	烹调方式，水开后，将猪肝、肉片、鱼片之类放入，再烧开后即起锅，强调其鲜嫩	
斩	tse51		剁	拿肉~碎
改刀	ke51tau44	饮食	做菜时，肉、萝卜之类在切成块儿后，觉得还太大，再切小点儿，称为~	
着腻	tsaq43gni231	饮食	勾芡	
得壳	teq55khoq55	饮食	鸡蛋壳和蛋皮粘连，原因可能是不新鲜	只鸡蛋弗大好则，有点~则
架	ka523	饮食	准备（汤料）	倷下面，我来~汤（你煮面条，我准备汤料。）
嚼弗入		饮食	嚼不动	
伐	vaeq23	饮食	生的肉在水里煮开后，水面出现的一层泡沫	
味道	mi22dau44	饮食	吃的滋味	
盐	yie223	饮食		
咸头	ghe22deu44	饮食	"做菜时说“放点~”，就是指放点盐；某个菜做得太淡，可以说“~忒少"""	
粗盐	tshou55yie21	饮食		
细盐	si55yie21	饮食	精盐	
猪油	tsyu55yeu21	饮食		
荤油	hun55yeu21	饮食		
菜油	tshe55yeu21	饮食	菜子油，苏州做菜多用~	
麻油	mo22yeu44	饮食	芝麻油，多用于拌凉菜	
酱油	tsian55yeu21	饮食		
酸醋	soe55tshou21	饮食	醋	
料酒	liau22tseu44	饮食		
赤砂糖		饮食	红糖	
绵白糖		饮食	颗粒很细	
砂糖	so55daon21	饮食	颗粒较粗	
冰糖	pin22daon21	饮食		
味之素<老>		饮食		
味精	vi22tsin44	饮食		
胡椒粉		饮食		
甜面酱		饮食		
豆瓣酱		饮食		
辣火酱		饮食	辣酱	
小吃	siau41chiq34	饮食		
老卜丝饼		饮食	一萝卜丝、面粉为原料放在铁皮模子中油炸而成的小吃	
椠光荸荠		饮食	将荸荠去皮、煮熟后，串在竹签子上出售	
糖芋艿		饮食	小吃，芋头加糖水煮成	
焐熟藕		饮食	小吃，用糯米塞在藕的孔里，加白糖煮烂	
粽子糖		饮食	一种粽子形的糖果	
麦芽糖		饮食		
黄连头		饮食	旧时的一种小吃，沿街叫卖	
盐金花菜		饮食	旧时的一种小吃，沿街叫卖	
支老卜		饮食	就是一种小吃，用萝卜做成，多为学生吃	
支酸	tsyu55soe21	饮食	一种酸甜的零食，多为孩子吃的	
巧果	chiau41kou34	饮食	一种油炸的小吃，在乞巧节吃。“巧”只在这里念白读	
香烟	shian55ie21	饮食		
香烟壳子		饮食	香烟盒（纸的）	
香烟头		饮食	烟蒂	
香烟屁股		饮食	烟蒂	
磕头牌		饮食	就是有人将捡来的烟蒂拆开，将其中的烟叶再做成香烟，这样的香烟被戏称为~，因捡烟蒂时要弯腰低头	
吃香烟		饮食	吸香烟	
旱烟	ghoe22ie44	饮食		
水烟	syu41ie34	饮食		
水烟筒		饮食	水烟袋（铜制的）	
纸出	tsy41tsheq34	饮食	纸媒儿	
茶	zo223	饮食	①茶水；	
茶	zo224	饮食	②开水	
吃茶	chiq43zo223	饮食	喝茶	
茶叶	zo22yiq44	饮食		
泡茶	phau51zo223	饮食	沏茶（动宾）	
原泡茶		饮食	新沏的茶	
茶垠	zo22khen44	饮食	茶垢	
吃老酒		饮食	喝酒	
吃酒		饮食	喝酒	
烧酒	sau55tseu21	饮食	白酒	
黄酒	waon22tseu44	饮食		
冬阳酒		饮食	一种在冬至节吃的低度米酒	
筛酒	sa55tseu21	饮食	斟酒	
肚皮饿		饮食	肚子饿	
嘴干	tsyu41koe34	饮食	口渴	
打扮	tan52pe21	衣服穿戴		
着衣裳		衣服穿戴	穿衣服	
脱衣裳		衣服穿戴		
做衣裳		衣服穿戴	做衣服	
着睏		衣服穿戴	穿着睡	哀件衣裳是~葛。（这件衣服是穿着睡觉的，旧时没有专门的睡衣。）
扎底	tsaeq55ti52	衣服穿戴	纳鞋底子	
定被头		衣服穿戴	缝被子	
汏衣裳		衣服穿戴	洗衣服	
汏一破		衣服穿戴	洗一水	
过	kou512	衣服穿戴	用清水漂洗，投	我来汏，倷去~。（我来洗，你去投。）
绗	ghaon223	衣服穿戴	一种缝纫方法	
毛头	mau22deu44	衣服穿戴	衣服的未经加工的边	
抳席	gni223ziq23	衣服穿戴	擦席子	
百辫子		衣服穿戴	扎辫子	
夹里		衣服穿戴	里子	
大襟	dou22cin44	衣服穿戴		
小襟	siau41cin34	衣服穿戴		
下襬	gho22pa44	衣服穿戴		
领头	lin22deu44	衣服穿戴	领子	
缲边	tshiau55pie21	衣服穿戴	一种缝纫方法	
衣裳管		衣服穿戴	袖子	
裤腰	khou55iau21	衣服穿戴		
裤裆	khou55taon21	衣服穿戴		
裤子带		衣服穿戴	裤腰带	
裤脚管		衣服穿戴	裤腿儿	
脚管	ciaq55kuoe52	衣服穿戴	裤腿儿	
袋袋	de22de44	衣服穿戴	衣服上的口袋	
贴边		衣服穿戴		
纽头	ngeu22deu44	衣服穿戴	纽扣，包括中式和西式的	
纽襻	ngeu24phe21	衣服穿戴	中式的布扣襻	
纽子	ngeu22tsy44	衣服穿戴	西式的扣子	
纽头洞		衣服穿戴	扣眼儿	
鞋带	gha22ta44	衣服穿戴		
鞋底	gha22ti44	衣服穿戴		
鞋帮	gha22paon44	衣服穿戴		
士林布		衣服穿戴	一种布，蓝色，较薄	
白作布		衣服穿戴	一种布，白色，较薄	
夏布	gho22pu44	衣服穿戴	一种布，网眼大，较粗，多用来做夏衣	
帆布	ve22pu44	衣服穿戴		
夹里布		衣服穿戴	做里子的布	
绒头绳<老>		衣服穿戴	毛线	
头绳<老>	deu22zen44	衣服穿戴	毛线	
绒线	gnion22sie44	衣服穿戴	毛线	
丝缕	sy55li21	衣服穿戴	织物中的纤维方向	棉毛衫葛~是横葛。
杜做葛		衣服穿戴	自己家做的，相对于“卖家葛”。多用于鞋	
卖家葛		衣服穿戴	买来的，相对于“杜做葛”	
衣裳	i55zaon21	衣服穿戴		
长衫	zan22se44	衣服穿戴	中式长袍	
襔<老>	moe44	衣服穿戴	中式棉的长袍	
马褂	mo24ko21	衣服穿戴		
旗袍	ji22bau44	衣服穿戴		
短打	toe41tan34	衣服穿戴	旧指中式短衣服，多为体力劳动者穿	
短衫	toe41se34	衣服穿戴	上衣	
棉袄	mie22au44	衣服穿戴	棉的上衣	
袄团	mie22doe44	衣服穿戴	冬天覆盖在被子上的棉袄	
夹袄	kaeq55au52	衣服穿戴	两层布的上衣	
单短衫		衣服穿戴	单层布的上衣	
列宁装		衣服穿戴	20世纪50年代流行的一种服装	
壳脱	khoq55theq55	衣服穿戴	夹克，英文coat	
衬衫	tshen55se21	衣服穿戴	西式衬衣	
罩衫	tsau55se21	衣服穿戴	罩衣	
球衫	jieu22se44	衣服穿戴	一种针织内衣，较厚。北方叫秋衣	
司惠脱<老>		衣服穿戴	英文sweater	
卫生衫		衣服穿戴	英文sweater	
衬里短衫		衣服穿戴	内衣（多指中式的）	
汗衫	ghoe22se44	衣服穿戴		
马甲	mo22kaeq44	衣服穿戴	没有袖子的上衣的统称	
紧身马甲		衣服穿戴	穿在里边起保暖作用的背心	
汗马甲		衣服穿戴	汗背心	
绒头绳短衫<老>		衣服穿戴	毛衣	
绒线衫		衣服穿戴	毛衣	
肚兜	dou22teu44	衣服穿戴	兜肚	
毛衫	mau22se44	衣服穿戴	婴儿内衣，不缝边	
裤子	khou55tsy21	衣服穿戴		
单裤	te55khou21	衣服穿戴	单层布的裤子	
夹裤		衣服穿戴	两层布的裤子	
球裤	jieu22khou44	衣服穿戴	一种针织内衣，较厚。北方叫秋裤	
绒头绳裤子<老>		衣服穿戴	毛线裤	
绒线裤		衣服穿戴	毛线裤	
衬裤	tshen55khou21	衣服穿戴	内裤，包括长的和短的	
西装短裤		衣服穿戴	穿在外面的西式短裤	
三角裤		衣服穿戴	最小的内裤	
罩裤	tsau55khou21	衣服穿戴		
开裆裤		衣服穿戴		
裙	jiun223	衣服穿戴	裙子	
鞋子	gha22tsy44	衣服穿戴	鞋	
棉鞋	mie22gha44	衣服穿戴		
蚌壳爿棉鞋		衣服穿戴	一种常见的棉鞋	
夹鞋		衣服穿戴	不写	
球鞋	jieu22gha44	衣服穿戴		
跑鞋	bau22gha44	衣服穿戴		
蒲鞋	bu22gha44	衣服穿戴	用蒲草或稻草编的鞋，式样像布鞋	
草鞋	tshau41gha34	衣服穿戴	用蒲草或稻草编的鞋，式样像凉鞋	
套鞋	thau55gha21	衣服穿戴	胶鞋	
钉鞋	tin55gha21	衣服穿戴	鞋底有钉子的鞋，旧时下雨天时穿	
拖鞋	thou55gha21	衣服穿戴		
木屐	moq23jiq55	衣服穿戴	用木板做底的拖鞋	
塔辣板		衣服穿戴	“塔辣”应是象声	
小脚鞋子		衣服穿戴	旧时裹脚妇女穿的鞋	
楦头	shioe55deu21	衣服穿戴	鞋楦子	
鞋曳拔		衣服穿戴	鞋拔子	
鞋肚里		衣服穿戴	鞋的里头	
袜	maeq23	衣服穿戴	袜子	
长统袜		衣服穿戴	长袜	
短统袜		衣服穿戴	短袜	
宽紧带		衣服穿戴	套住袜子的松紧带	
结	ciq43	衣服穿戴	系（鞋带）	
帽子	mau22tsy44	衣服穿戴		
铜盆帽		衣服穿戴	礼帽	
小滴粒帽子		衣服穿戴	瓜皮帽	
罗宋帽		衣服穿戴	一种绒布做的保暖的帽子，旧时老人常戴	
草帽	tshau41mau34	衣服穿戴		
箬帽	gniaq23mau31	衣服穿戴	斗笠	
鸭舌头		衣服穿戴	帽檐儿	
围巾	yu22cin44	衣服穿戴		
手套	seu52thau21	衣服穿戴		
绢头	cioe55deu21	衣服穿戴	手绢儿	
围馋	yu22ze44	衣服穿戴	围嘴儿	
围身	yu22sen44	衣服穿戴	围腰	
尿布	syu55pu21	衣服穿戴		
首饰	seu41seq34	衣服穿戴		
镯头	zoq23deu31	衣服穿戴	镯子	
戒指	ka55tsyu21	衣服穿戴		
圈	chioe44	衣服穿戴	耳环	
项圈	ghaon22chioe44	衣服穿戴		
长命百岁		衣服穿戴	小儿戴的百家锁	
轧叉	gaeq23tsho31	衣服穿戴	发夹	
房子	vaon22tsy44	房舍	整座的，不包括院子	一主~（一座房子）
造	zau231	房舍	建造（房子）	
平房	bin22vaon44	房舍		
楼房	leu22vaon44	房舍		
洋房	yan22vaon44	房舍		
草棚棚		房舍	草房	
房间	vaon22ke44	房舍	①屋子，一所房子分隔而成的；	一共三只~；
房间	vaon22ke45	房舍	②卧室	日朝伴辣~里。(天天躲在卧室里。）
房	vaon223	房舍	卧室	日朝伴辣~里。(天天躲在卧室里。）
客堂	khaq55daon34	房舍	中式房屋的客厅	
客堂间		房舍	中式房屋的客厅	
厅	thin44	房舍	客厅（中式或西式）	
坐起<老>	zou22chi44	房舍	起居室，跟客厅相近，但不一定有客厅讲究	
夹厢	kaeq55sian34	房舍	厢房，中式民居客厅两边的房间	
楼中间		房舍	中式民居楼上中间的房间，看门人工作和居住的处所	
墙门间		房舍	旧时大宅院大门内的一间，看门人工作和居住的处所	
屋里	o5h5li412	房舍	家里	
天井	thie55tsin21	房舍		
围墙	we22zian44	房舍		
照墙	tsau55zian21	房舍	影壁	
楼浪	leu22laon44	房舍	楼上	
楼下	leu22gho44	房舍		
胡梯	ghou22thi44	房舍	楼梯（固定的）	
梯	thi44	房舍	梯（可移动的）	
阳台	yan22de44	房舍		
屋面		房舍	房顶	
石库门		房舍	门框用条石砌成的大门，是近代江南常见民居	
料檐	liau22yie44	房舍	房檐儿	
梁	lian223	房舍		
桁条	ghan22diau44	房舍	檩	
椽子	zoe22tsy44	房舍		
䈍砖	maon22tsoe44	房舍		
搁栅	koq55saeq55	房舍	铺在椽子上的薄砖◇《集韵》宕韵莫浪切“屋箦”	
庭柱	din22zyu44	房舍	柱子	
石鼓墩		房舍	石础，垫在柱子下面的石头	
街沿	ka55yie21	房舍	大门口通往街道的台阶，一般只有两级	
琴头	jin22deu44	房舍	台阶的一级	~忒高则，跨弗上。（石级太高了，跨不上。）
天花板		房舍		
前门	zie22men44	房舍		
后门	gheu22men44	房舍		
矮䈳	a41daeq34	房舍	紧贴在大门外的半截门◇《广韵》盍韵徒盍切“窗扇”	
门槛	men22khe44	房舍		
门角落		房舍	门的后面	
门闩	men22soe44	房舍		
板壁	pe41piq34	房舍	木板做的用来隔开房间的墙	
天窗	thie55tshaon21	房舍		
天落撑		房舍	丁字形木撑，用来撑住门	
地落撑		房舍		
门膛子		房舍	门框	
戗水䈳		房舍	搭在大门外上面的简易棚，主要为挡雨水	
晴落	zin22loq44	房舍	屋檐下承雨水的水槽	
披	phi44	房舍	搭在正屋旁没有地基的简易小屋，有的地方称为“偏夏”	
窗	tshaon44	房舍	窗子	
窗盘	tshaon55boe21	房舍	窗台，窗口可以放东西的较窄的平台	
走廊	tseu41laon34	房舍		
备弄	be22lon44	房舍	旧时大宅子正屋旁的过道，长而狭窄、阴暗，主要供仆人通行	
灶下间		房舍	旧式厨房	
灶下	tsau55gho21	房舍	旧式厨房	
灶头	tsau55deu21	房舍	灶	
单眼灶		房舍	只能安放一个锅的灶	
两眼灶		房舍	能安放两个锅的灶	
三眼灶		房舍	安放三个锅的灶	
汤罐	thaon55kuoe21	房舍	固定在灶上的金属罐，利用烧灶的余热温水	
烟囱	ie55tshon21	房舍		
驳岸	poq55ngoe412	房舍	河边用砖石砌成的岸	
踏渡	daeq23dou31	房舍	河边的石阶，可上下船或在河边取水、洗东西	
踏渡琴		房舍	踏渡的石级	
坑棚	khan55ban21	房舍	旧式公用厕所	
屎坑	sy41khan34	房舍	旧式公用厕所	
马桶间		房舍	新式家用卫生间	
猪圈	tsyu55jioe21	房舍		
狗窠	keu41khou34	房舍	狗窝	
鸡棚	ci55ban21	房舍	鸡窝	
家生	ka55san21	器具	家具	
橱	zyu223	器具	柜子	
五斗橱		器具	五斗柜	
夜壶箱		器具	床头柜	
台子	de22tsy44	器具	桌子	
方台子		器具	方桌	
圆台	yoe22de44	器具	圆桌	
八仙桌		器具	可坐八人的较大的方桌	
麻将台		器具	适合坐四人的方桌，不是专用来打麻将的	
长台	zan22de44	器具	条案，旧时放在客厅正中的狭长的桌子	
半桌	poe55tsoq21	器具	方桌的一半，旧时室内常见家具	
写字台		器具	办公桌，书桌	
镜台	cin55de21	器具	旧时的梳妆台	
面汤台		器具	旧时洗脸用的桌子，放在卧室里	
箱橱	sian55zyu21	器具	教低矮的柜子，上面放箱子	
先柜	sie55jiu21	器具	一种柜子，像五斗柜而略小	
百灵台		器具	小的圆桌，多比较精致，桌面多为大理石	
吃饭台子		器具	餐桌	
台布	de22pu44	器具	桌布	
桌围	tsoq55we34	器具	围桌，挂在桌子面前的布，多在祭祀时用	
抽屉	tsheu55thi21	器具		
矮凳	a52ten21	器具	凳子	
凳子<新>	ten55tsy21	器具		
交椅	kau55yu21	器具	椅子	
靠背	khau55pe21	器具	椅子	
竹交椅		器具	竹椅子	
竹榻	tsoq55thaeq55	器具	竹床	
藤榻	den22thaeq44	器具	藤制靠椅	
长凳	zan22ten44	器具	两人坐的长条板凳	
骨牌凳		器具	方凳	
杌子	ngeq23tsy31	器具	较简陋的凳子	
春凳	tshen55ten21	器具	较宽的长板凳	
懒凳	le22ten44	器具	一种较宽的板凳，旧时大户人家放在大门口供仆人坐的	
蒲团	bu22doe44	器具		
床	zaon223	器具		
铺	phu523	器具	较简易的床	
棕垫	tson55die21	器具	棕编织的床垫	
地铺	di22phu44	器具	直接将席子、被褥铺在地上做成的床	
帐子	tsan55tsy21	器具		
帐着钩		器具		
帐檐	tsan55yie21	器具	帐钩	
被头	bi22deu44	器具	被子	
被头铺盖		器具	床上用品	
被风洞		器具	为睡觉叠成的长筒形的被子	
苫被	soe55bi21	器具	盖在厚被子上的薄被子	
被夹里		器具	被里	
被面	bi22mie44	器具		
棉花胎		器具	棉被的胎	
单被	te55bi21	器具	床单	
褥单	gnioq23te31	器具	床单	
褥子	gnioq23tsy31	器具		
席	ziq23	器具	席子	
草席	tshau41ziq34	器具	席草编的席子	
篾席	miq23ziq55	器具	竹篾编的席子	
枕头	tsen41deu34	器具		
枕头套		器具		
三节架		器具	立地的衣架	
三尖架子		器具	晾衣架	
马桶	mo22don44	器具		
夜壶	ia55ghou21	器具	陶制的小便器	
马桶豁洗		器具	洗马桶的竹制	
碗盏家生		器具	碗类餐具	
饭碗	ve22uoe44	器具	盛米饭的碗	
小菜碗		器具	盛菜的碗	
大汤碗		器具	较大的碗，多盛汤用	
青边碗		器具	碗沿有青边的碗，比菜碗小，比饭碗大	
盆子	ben22tsy44	器具	碟子	
酒盅	tseu41tson34	器具	较小的酒杯	
筷儿	khue55ng21	器具	筷子	
筷	khue44	器具	筷子	
筷箸笼		器具	筷笼（放筷子用）	
超	tshau44	器具	调羹	
镬子	ghoq23tsy31	器具	锅，多指铁锅	
刮镬子		器具	刮去铁锅底下的锅灰	
钢宗镬子		器具	铝锅	
沙锅	so55kou21	器具		
镬干盖		器具	锅盖	
镬干	ghoq23koe31	器具	锅盖	
铲刀	tshe41tau34	器具	锅铲	
箲帚	sie41tseu34	器具	刷锅用具，用竹丝扎成	
笊篱	tsau41li34	器具	从有水的锅里捞东西的竹制工具	
饭筲箕		器具	专盛米饭的竹篮。吃剩的米饭放在~里，挂在通风处，以免米饭变质	
淘箩	dau22lou44	器具	专用于洗米的竹篮，圆底，竹子编得很密	
罩篮	tsau55le21	器具	盖在菜肴上的竹器，可防苍蝇之类，又较透气，夏天菜不易变质	
勺	zo231	器具	舀水勺的统称	
广勺	kuao41nzo34	器具	舀水用具，铜制，较大	
铜勺	don22zo44	器具	舀水用具，铜制，较小	
吊子	tiau55tsy21	器具	水壶统称	
铜吊	don22tiau44	器具	铜制水壶	
盘	boe223	器具	①木制放餐具的盘子；	
盘	boe224	器具	②专指嫁妆	担~（送嫁妆）
甏	ban231	器具	坛子	
酒甏	tseu52ban21	器具	酒坛子	
罐头	kuoe55deu21	器具	陶罐	
瓶	bin223	器具	瓶子	
珍	tsen44	器具	软木的瓶塞儿	
切菜刀		器具	菜刀	
砧墩板		器具	砧板	
饭桶	ve22don44	器具	①盛米饭的木桶；	
饭桶	ve22don45	器具	②比喻只会装饭，不会干活的无用的人	
窝窠	ou55khou21	器具		
蒸笼	tsen55lon21	器具	稻草编的，使饭锅保暖的器物	
蒸架	tsen55ka21	器具		
䈆	da231	器具	放在锅内的井字形竹架，蒸菜用	
水缸	syu41kaon34	器具	一种较大的竹匾◇《集韵》泰韵徒盖切“海隅谓篮浅而长者曰~”	
泔脚	koe55ciaq21	器具		
泔脚钵头		器具	泔水	
抹布	meq23pu31	器具	泔水缸	
行灶	ghan22tsau44	器具	可搬动的简易灶，多用陶制的缸做成，下不开口作灶膛，上面放锅	
柴	za223	器具	柴火	
硬柴	ngan22za44	器具	木柴	
煤炉	me22lou44	器具		
煤基	me22ci44	器具	五六十年代流行的一种煤球，圆柱形	
煤球	me22jieu44	器具	煤基之后流行的煤球，扁橄榄形的	
炭基	the55ci21	器具	用木炭屑做的圆柱状燃料，火力较温和	
火夹	hou41kaeq34	器具	火钳	
面桶<老>	mie22don44	器具	脸盆	
面盆<新>	mie22ben44	器具		
面盆架子		器具	脸盆架	
皮皂	bi22zau44	器具		
香皮皂		器具	香皂	
揩面手巾		器具	洗脸毛巾	
手巾<老>	seu41cin34	器具	洗脸毛巾	
脚桶		器具	脚盆	
脚布		器具	洗脚的布或毛巾	
浴桶	yoq23don31	器具	洗澡盆	
提桶	di22don44	器具	有提手的木桶，提水工具	
吊桶	tiau55don21	器具	在井中打水的桶	
井绳	tsin41don34	器具		
热水瓶		器具	保温瓶	
茶杯	zo22pe44	器具		
茶壶	zo22ghou44	器具		
盖头	ke55deu21	器具	（器皿的）盖儿	
脚炉	ciaq55lou34	器具	脚的取暖用具，铜制，扁圆形，内烧砻糠、炭基之类	
汤婆子		器具	盛热水放在被窝中取暖的用具	
手炉	seu41lou34	器具	手的取暖用具，跟脚炉相近而小	
木梳	moq23sy31	器具	梳子	
编箕	pie55ci21	器具	篦子	
洋手照		器具	一种小型煤油灯，可拿在手上随时搬动	
油盏头		器具	油灯	
灯草	ten55tshau21	器具		
洋蜡烛		器具	洋蜡	
灯笼	ten55lon21	器具		
绳	zen223	器具	绳子	
伞	se523	器具	统称	
油纸伞		器具	纸制的雨伞	
油布伞		器具	油布制的雨伞	
阳伞	yan22se44	器具	遮太阳的伞，多为黑布做成	
蓑衣	sou55i21	器具	用草或棕编织的防雨衣	
雨衣	yu22i44	器具		
包	pau44	器具	手提包	
皮夹子		器具	钱包	
图章	dou22tsaon44	器具		
图书<老>	dou22syu44	器具		
眼镜	nge24cin21	器具		
手表	seu34piau41	器具		
表	piau44	器具		
浆	tsian44	器具	浆糊	
针箍	tsen55kou21	器具	顶针	
线板	sie55pe21	器具	线轴儿	
延线	yie24sie21	器具	缝衣针	
延线屁股		器具	针鼻儿	
延线头		器具	针尖	
针脚	tsen55ciaq21	器具		
剪刀	tsie41tau34	器具	剪子	
锥钻	tsy55tsoe21	器具	锥子	
擦板	tshaeq55pe52	器具	搓衣板儿	
棒槌	baon22zyu44	器具		
鸡毛掸帚		器具	鸡毛掸子	
扇子	soe55tsy21	器具		
蒲扇	bu22soe44	器具	用蒲葵叶做的圆形扇子	
拄拐	tsyu41kua34	器具	中式的手杖	
司的克		器具	西式手杖，英文stick	
草纸	tshau41tsy34	器具	手纸	
自来火		器具	火柴	
扫帚	sau55tseu21	器具	家中扫地用的工具	
畚箕	fen55ci21	器具	装垃圾用的工具	
垃圾	leq23seq55	器具		
拖畚	thou55fen21	器具	拖把	
轮盘	len22boe44	器具	轮子	
挖耳		器具	挖耳勺	
身体	sen55thi21	身体		
身胚	sen55phe21	身体	身材	
条干	diau22koe44	身体	个头	~蛮长。（个头很高。）
块甲	khue55kaeq21	身体	骨架	~蛮大。（骨架很大。）
头	deu223	身体		
骷浪头		身体	脑袋	
光郎头		身体	光头头发剃光了的头	
头顶心		身体	头顶	
后脑勺子		身体	后脑勺儿	
头发	deu22faeq44	身体		
少白头		身体	年轻人头发变白	
特头发		身体	掉头发（动宾）	
额骨头		身体	额头	
冲额角		身体	奔儿头，即前额向前突出	
雨落弗湿眼		身体	前额突出，所以下雨淋不湿眼睛，是戏谑的说法	
鬓脚	pin55ciaq21	身体		
辫子	bie22tsy44	身体		
头发团<老>		身体	老年妇女的发髻	
把根	po41ken34	身体	旧时妇女的一种简单的发式	
前刘海		身体	刘海儿	
面孔	mie22khon44	身体	脸	
颧骨	jioe22kueq44	身体		
酒靥	tseu41iq34	身体	酒窝	
耳光	gni22kuaon44	身体		
人中	gnin22tson44	身体		
眼睛	nge22tsin44	身体		
眼乌珠		身体	眼珠	
眼白	nge22baq44	身体	白眼珠	
眼黑	nge22heq44	身体	黑眼珠	
眼仙人		身体	瞳仁	
眼梢	nge22sau44	身体	小眼角（靠近太阳穴的眼角）	
眼凼	nge22daon44	身体	大眼角（靠近鼻子的眼角）	
眼圈	nge22chioe44	身体		
眼泪	nge24li21	身体		
眼皮	nge22bi44	身体		
单眼皮		身体		
双眼皮		身体		
眼眵	nge22tshy44	身体	眼屎	
眼睫毛		身体		
眉毛	mi22mau44	身体		
鼻头	beq23deu31	身体	鼻子	
鼻毛	biq23mau31	身体		
鼻梁	biq23lian31	身体		
鼻涕	beq23thi31	身体		
鼻涕干		身体	干鼻涕	
鼻头管		身体	鼻孔	
鼻头洞		身体	鼻孔	
鼻尖	biq23tsie31	身体	鼻子尖儿	
鼻头尖		身体	鼻子尖，指嗅觉灵敏	
鹰爪鼻头		身体	鹰钩形的鼻子	
塌鼻梁		身体	扁平鼻子	
耳朵	gni22tou44	身体		
耳朵管		身体	耳朵眼儿	
马	mo231	身体	耳屎	
聋	lon223	身体		
嘴	tsyu51	身体		
嘴唇	tsyu41zen34	身体		
胡子	ghou22tsy44	身体		
须须<老>	sou55sou21	身体		
租须<老>	tsou55sou21	身体		
拉带胡子		身体	络腮胡子	
小须须		身体	小胡子	
小租须<老>		身体		
舌头	zeq23deu31	身体		
舌苔	zeq23the31	身体		
大舌头		身体	口齿不清的人	
馋唾	ze22thou44	身体	唾沫	
牙子	nga22tsy44	身体	牙齿	
门牙	men22nga44	身体		
盘牙	boe22nga44	身体	臼齿	
牙龈肉		身体	牙龈	
上霍	zaon22hoq44	身体	上颚	
下巴	gho22po44	身体		
超下巴		身体	上齿在后，下齿在前，下巴往前突出	
济团嘴		身体	上齿在后，下齿在前，下巴往前突出	
头颈	deu22cin44	身体	脖子	
争食潭		身体	后脑窝子，颈后凹处。传说凹处深的人贪食	
学咙	ghoq23lon31	身体	喉咙	
花掀	ho55shie21	身体	哈欠	一径勒海打~。（一直在打哈欠。）
手	seu51	身体	也可以包括胳膊	俚只~跌断哉。（他的~摔断了。）
济手	tsi55seu21	身体	左手	
右手	yeu22seu44	身体		
手心	seu41sin34	身体		
手背	seu52be21	身体		
拳头	jioe22deu44	身体		
节头子		身体	手指头	
节头	tsiq55deu34	身体		
节掐子		身体	指甲	
节掐	tsiq55khaeq55	身体		
手茄子		身体	手腕子	
大密节头		身体	大拇指	
指人节头		身体	食指	
当中节头		身体	中指	
无名指		身体	额亳州	
小密节头		身体	小指	
臂膊	pi55po21	身体	胳膊	
臂膊撑子		身体	胳膊肘	
臂膊弯		身体	胳膊肘的背面	
髈	phaon51	身体	腿	
大髈	dou22phaon44	身体	大腿	
小髈	siau41phaon34	身体	小腿	
髈哈拉里		身体	大腿根内测	
脚馒头		身体	膝盖	
髈弯弯		身体	膝盖的背面	
掀面	shie55mie21	身体	小腿的前面	
脚	ciaq43	身体	①腿的下端接触地面的部分；	
脚	ciaq44	身体	②整条腿	
脚歌骨		身体	踝子骨	
赤脚	tshaq55ciaq55	身体	光脚	
脚背		身体		
脚底心		身体		
脚尖	ciaq55tsie34	身体		
脚跟	ciaq55ken34	身体		
脚节头		身体	脚趾头	
脚节掐		身体	脚趾甲	
脚丫	ciaq55o34	身体	脚趾缝	
鸡眼	ci55nge21	身体		
肩架	cie55ka21	身体	肩膀	
退肩架		身体	溜肩膀儿	
扛肩架		身体	肩膀较平，跟退肩相反	
膈辣肢		身体	胳肢窝	
心口头		身体	①心口儿；	
心口头		身体	②旧指胃部	
胸脯	shion55bu21	身体		
肋棚骨		身体	肋骨	
软档	ngoe22taon44	身体	（人的）软档	拨俚一记熟辣~里，痛是痛的来。（给他一下捅在软肋处，疼死了。）
奶奶	na22na44	身体	①乳房；	吃~
奶奶	na22na45	身体	②乳汁	
背心	pe55sin21	身体	背部	~浪有点痒。（背上有点痒。）
背梁脊骨		身体	脊梁骨	
肚皮	dou22bi44	身体	腹部	
小肚皮		身体	小傅	
肚皮眼		身体		
肚脐眼		身体		
腰	iau44	身体	整个腰部	
腰眼	iau55nge21	身体	肾所在的位置	
扑肉	phoq55gnioq55	身体	人身上不结实的肥肉	
旋脶头		身体	头发旋儿	
箩	lou223	身体	手指上圆形的指纹	
畚箕	fen55ci21	身体	手指上簸箕形的指纹	
寒毛	ghoe22mau44	身体		
寒毛孔		身体		
刺	tshy523	身体	痣	
记	ci523	身体	胎记	
卵	loe231	身体	男阴	
八鸟	poq55tiau21	身体	有戏谑义	
卵头子		身体	赤子阴	
卵卵头		身体	赤子阴	
卵泡	loe22phau44	身体	阴囊	
卵子	loe22tsy44	身体	睾丸	
屄	pi44	身体	女阴	
触	tshoq43	身体	性交	
走阳	tseu51yan223	身体	遗精	
起发	chi55faeq21	身体	青春期发育	伲儿子~哉。（我儿子发育了。）
身浪来则		身体	月经来潮	
屁股	phi55kou21	身体		
屁股爿		身体		
尾巴桩骨		身体	尾椎骨	
屁眼	phi55nge21	身体	肛门	
同工	don22kon44	身体	肛门	
屎孔	sy41khon34	身体	肛门	
骨头	kueq55deu34	身体		
筋	cin44	身体		
青筋	tshin55cin21	身体		
血	shiuq43	身体		
血管		身体		
心	sin44	身体		
肝	koe44	身体		
肺	fi523	身体		
胆	te51	身体		
胃	we231	身体		
腰子	iau55tsy21	身体		
大肠	dou22zan44	身体		
小肠	siau41zan34	身体		
恶	ou523	身体	粪便	
屎	sy51	身体	粪便	
生病	san55bin21	疾病医疗		
小毛病		疾病医疗	小病	
大毛病		疾病医疗	重病	
打扯	tan51tsha523	疾病医疗	比喻生小病	搿小人是扯匣弗打一个葛。（这孩子一点小病都不生。）
吃力	chiq55liq55	疾病医疗	累	路走得蛮~
痛	bin231	疾病医疗	疼痛	
病好点则		疾病医疗	病轻了	
病好则		疾病医疗	病好了	
请郎中<老>		疾病医疗	请医生	
看病	khoe51bin231	疾病医疗		
搭脉	taeq43maq23	疾病医疗	号脉	
方子	faon55tsy21	疾病医疗	药方	
撮药	tsheq43yaq23	疾病医疗	买中药	
药材店		疾病医疗	中药铺	
药罐头		疾病医疗	药罐子	
煎药	tsie44yaq23	疾病医疗	煎药（动宾）	
头潽	deu22phu44	疾病医疗	第一次熬制出来的中药	
二潽	gni22phu44	疾病医疗	第二次熬制出来的中药	
膏药	kau55yaq21	疾病医疗	用于粘贴的中药	
买药	ma231yaq23	疾病医疗	买西药	
药房	yaq23vaon31	疾病医疗	西药房	
药粉	yaq23fen31	疾病医疗	药面儿	
塔药	thaeq43yaq23	疾病医疗	搽药	
药膏	yaq23kau31	疾病医疗	用于涂抹的西药	
发寒热		疾病医疗	发烧	
过	kou523	疾病医疗	传染	
伤风	saon55fon21	疾病医疗		
头昏	deu22hun44	疾病医疗	头晕	
头里痛		疾病医疗	头疼	
咳嗽		疾病医疗		
呛	tshian523	疾病医疗	气管炎引起的连续咳嗽，多见于老人	
心嘈	sin44zau223	疾病医疗	胃饥饿不适	~葛说话，就吃两篇饼干。（胃不舒服的话，就吃两块饼干。）
肚皮痛		疾病医疗	肚子痛	
尿摇头		疾病医疗	打寒战	
心近	sin44jin231	疾病医疗	打寒战	
呕	eu51	疾病医疗	呕吐	
□	ge231	疾病医疗	嗳气	
打□葛都		疾病医疗	呃逆	
肚皮射		疾病医疗	泻肚	
疰夏	tsyu55gho21	疾病医疗	夏天厌食、乏力，秋凉后即恢复正常	
发痧	faeq55so34	疾病医疗	中暑	
瘫	the44	疾病医疗	瘫痪	~辣床浪（瘫痪在床）
出痧子		疾病医疗	出麻疹	
伐疟子		疾病医疗	发疟疾	
痨病	lau22bin44	疾病医疗	肺结核	
鼓胀病		疾病医疗	血吸虫病	
瘪罗痧		疾病医疗	霍乱	
出水痘		疾病医疗		
出天花		疾病医疗		
种牛痘		疾病医疗		
伤寒症		疾病医疗		
黄疸病		疾病医疗	甲型肝炎	
盲肠炎		疾病医疗	阑尾炎	
小肠气		疾病医疗	疝气	
疰车	tsyu55tsho21	疾病医疗	晕车	
疰船	tsyu55zoe21	疾病医疗	晕船	
羊牵风		疾病医疗	癫痫病	
粗头颈		疾病医疗	大脖子（甲状腺肿）	
栗子筋		疾病医疗	淋巴结核	
㽹	fe523	疾病医疗	恶心	心里有点~。（胃不舒服。）
中	tson523	疾病医疗	对中风的简称	俚笃爷昨日夜头～哉。（他爸爸昨天晚上中风了。）
老熟	lau22zoq44	疾病医疗	人进入高龄后生理机能自然退化，以至可能无疾而终	
掼伤	gue22saon44	疾病医疗	摔伤	
跌伤	tiq55saon34	疾病医疗	摔伤	
碰伤	ban22saon44	疾病医疗		
青胖块		疾病医疗	皮下出血	
鬼的青胖块		疾病医疗	皮下出血	
虚	he44	疾病医疗	肿◇字也可以作“㾂”	
滚脓	kun52non223	疾病医疗	化脓	
盖头	ke55deu21	疾病医疗	痂	~长好则，褪脱哉。（痂长好了，脱落了。）
疤	pa44	疾病医疗		
疻水	tsy55syu21	疾病医疗	因发炎分泌出的淋巴液	
癞痢头		疾病医疗	癞子	
眯妻眼		疾病医疗	近视眼	
斗鸡眼		疾病医疗	对眼	
抓爸眼		疾病医疗	一种眼病，看不清	
酒糟鼻头		疾病医疗	酒糟鼻子	
蛀牙子		疾病医疗	虫牙	
兴活	shin55weq21	疾病医疗	淋巴结肿大	
瘰瘰头		疾病医疗	小疮疖	
热疖头		疾病医疗	夏天因太阳晒而长的疖子	
冻瘃	ton55tsoq21	疾病医疗	冻疮	
杨梅疮		疾病医疗	梅毒	
猪狗臭		疾病医疗	狐臭	
乳鹅	zyu22ngou44	疾病医疗	腮腺炎	
生疮	san44tshaon44	疾病医疗	长疮（动宾）	
生疔	san44tin44	疾病医疗		
痔疮	zyu22tshaon44	疾病医疗		
痔	zyu231	疾病医疗		
癞疥疮		疾病医疗	疥疮	
癣	sie51	疾病医疗		
痱子	be22tsy44	疾病医疗		
树头肉		疾病医疗	瘊子	
雀子斑		疾病医疗	雀斑	
酸胖气		疾病医疗	人出汗后多时没擦洗而发出的味道	
帐	tsan523	疾病医疗	扎在肉里的刺	
开爪	khe55tsau21	疾病医疗	指甲因太长深入肉里而发炎	
老人头气		疾病医疗	男子身上特有的气味，常粘在所用的衣服、毛巾上	
□	khen523	疾病医疗	①人身上的污垢；	
□	khen524	疾病医疗	②器物上的污垢	②水~
瞎子	haeq55tsy52	疾病医疗		
聋彭	lon22ban44	疾病医疗	聋子	
哑子	o41tsy34	疾病医疗	哑巴	
驼背	dou22pe44	疾病医疗	因病而背驼者	
齁背	heu55pe21	疾病医疗	①因年老而背驼；	
齁背	heu55pe22	疾病医疗	②这样驼背的人	
跷脚	chiau55ciaq21	疾病医疗	瘸子	
直脚	zeq23cia55	疾病医疗	瘸子	
□头	han41deu34	疾病医疗	①歪脖子；	
□头	han41deu35	疾病医疗	②歪脖子的人	
抓手	tsa55seu21	疾病医疗	手有残疾者	
瘫子	the55tsy21	疾病医疗	瘫痪的人	
闸角头		疾病医疗	长得不规则的脑袋	
笡肩架		疾病医疗	斜肩膀	
长子	zan22tsy44	疾病医疗	高个子	
矮子	a41tsy34	疾病医疗	矮个子	
大块头		疾病医疗	胖子	
葛子	keq55tsy52	疾病医疗	结巴	
刁嘴	tiau55tsyu21	疾病医疗	咬字不清的人，大舌头	
痴子	tshyu55tsy21	疾病医疗	疯子	
秃头	thoq55deu34	疾病医疗	头发脱光的人	
麻子	mo22tsy44	疾病医疗	①人出天花后留下的疤痕；	
麻子	mo22tsy45	疾病医疗	②脸上有麻子的人	
豁嘴	huaeq55tsyu52	疾病医疗	兔唇	
齆鼻头		疾病医疗	囔鼻儿，鼻子不通气，发音不清	
雌鸡学咙		疾病医疗	男人像女人的嗓门	
六节头		疾病医疗	六指儿	
济脚风		疾病医疗	左撇子	
吊眼皮		疾病医疗	眼皮向上翻起	
眯栖眼		疾病医疗	近视眼	
老光眼		疾病医疗	远视眼	
红眼睛		疾病医疗	角膜炎	
斗鸡眼		疾病医疗	内斜视	
偷针眼		疾病医疗	麦粒肿	
䶕牙子		疾病医疗	上面的门牙往外伸出◇䶕，《集韵》祃韵步化切“齿出貌”	
嘴臭	tsyu52tsheu21	疾病医疗	口臭	
金肉痱子起		疾病医疗	起鸡皮疙瘩	
脚牵筋		疾病医疗	脚抽筋	
髈牵筋		疾病医疗	脚抽筋	
亲事	tshin55zy21	风俗		
媒人	me22gnin44	风俗		
相亲	sian55tshin21	风俗		
配亲	phe55tshin21	风俗	男女双方论婚事	
卖相	ma22sian44	风俗	相貌	
长相	tsan52sian21	风俗	相貌	
年纪	gnie22ci44	风俗	年龄	
订婚	tin41hun34	风俗		
担盘	te44boe223	风俗	下聘礼	
办酒水		风俗	办喜酒	
吃酒水		风俗	吃喜酒	
讨家小		风俗	娶妻子	
出嫁		风俗		
嫁囡儿		风俗	嫁女儿	
结婚	ciq55hun34	风俗		
好日<老>	hau41gniq34	风俗		
花轿	ho55jiau21	风俗		
拜堂	pa55daon21	风俗		
新官人		风俗	新郎	
新娘娘		风俗	新娘	
新房	sin55vaon21	风俗		
回门	we22men44	风俗		
续弦	zoq23ye31	风俗	从男方说，妻子死了再娶	
填房	die22vaon44	风俗	从女方说，嫁给死了妻子的男人	
有喜	yeu22shi44	风俗	怀孕	
拖身体		风俗	怀孕	
大肚皮		风俗	孕妇	
做舍姆		风俗	坐月子	
舍姆	so41m34	风俗	产妇	
小产	siau41tshe34	风俗		
养小人		风俗	生孩子	
做动	tsou55don21	风俗	开始分娩	勒海~则，快点喊老娘（产婆）吧。
发动	faeq55don52	风俗	开始分娩	勒海~则，快点喊老娘（产婆）吧。
胞	pau44	风俗	胎盘	
满月	moe22ngeq44	风俗		
头生	deu22san44	风俗	第一胎	
吃奶奶		风俗	吃奶	
奶奶头		风俗	奶头	
弯尿	ue55syu21	风俗	尿床	
生日	san55gniq21	风俗		
过生日		风俗		
做寿	tsou52zeu231	风俗	老人过生日	
死	si51	风俗	统称	
故	kou523	风俗	死的婉称	
过世	kou55syu21	风俗	婉称	
翘辫子		风俗	有贬义或戏谑义	
抬老三		风俗	戏谑义	
老掉	lau24diau21	风俗	戏谑义	
塔冷	thaeq55lan34	风俗	戏谑义	
送终	son52tson44	风俗		
丧事	saon55zy21	风俗		
棺材	kuoe55ze21	风俗		
材	ze223	风俗		
寿材	zeu22ze44	风俗		
孝堂	hau55daon21	风俗		
灵堂	lin22daon44	风俗		
孝子	shiau55tsy21	风俗		
哭丧棒		风俗		
纸扎	tsy41tsaeq34	风俗	用纸扎的人、马、房子等	
牌位	ba22we44	风俗		
座枱	zou22de44	风俗	安放灵位的桌子	
羹饭	kan55ve21	风俗	祭祀鬼神的饭菜	
戴孝	te52hau523	风俗		
利市布		风俗	去人家吊孝时，死者家属给的一块白布	
白挺带		风俗	戴孝时围在腰间的白布	
大殓	da22lie44	风俗	入殓	
落葬		风俗	下葬	
坟	ven223	风俗		
坟墩头		风俗	坟头	
碑	pe44	风俗	这里专指墓碑	
做七	tsou52tshiq43	风俗	人死后，逢七天的倍数，都做佛事，直至第七个七天	
头七	deu22tshiq44	风俗	做七中的第一个七天，比较隆重	
五七	ng22tshiq44	风俗	做七中的第五个七天，比较隆重	
断七	doe22tshiq44	风俗	做七中的最后一个七天，即第四十九天，也比较隆重	
锡箔	siq55boq55	风俗		
锡箔灰		风俗	锡箔烧成的灰，其中的锡可利用，所以可以回收	
锭	din231	风俗	烧给死者的纸元宝	
元宝	gnioe22pau44	风俗		
家堂	ka55daon21	风俗	安放神主灵位的木龛	
喜神	shi41zen34	风俗	已死祖先的画像	
上坟	zaon231ven223	风俗		
寻死路		风俗	自杀	
上吊	zaon24tiau21	风俗		
死尸	si41syu34	风俗		
骨殖甏		风俗	放尸骨的瓮	
天老爷		风俗		
佛	veq23	风俗		
菩萨	bu22saeq44	风俗		
土地庙		风俗		
关帝庙		风俗		
城隍庙		风俗		
阎六王		风俗	阎王	
祠堂	zy22daon44	风俗		
香案	shian55oe21	风俗		
上供	zaon231kon523	风俗		
蜡签	laeq23tshie31	风俗	烛台	
蜡烛	laeq23tsoq55	风俗	敬神的蜡烛	
香	shian44	风俗		
香炉	shian55lou21	风俗		
烧香	sau55shian21	风俗	（动宾）	
求签	jieu22tshie44	风俗		
签诀	tshie55ciuq21	风俗	印在签上谈吉凶的诗文	
厾罩	toq43tsau523	风俗	打卦	
罩板	tsau55pe21	风俗	打卦用的珓	
阴罩	in55tsau21	风俗	阴珓（两面都朝下）	
阳罩	yan22tsau44	风俗	阳珓（两面都朝上）	
灶家老爷		风俗	灶王爷	
送灶	son52tsau523	风俗	送灶王爷上天	
做道场		风俗		
念经	gnie22cin44	风俗		
拆字	tshaq43zy231	风俗	测字	
看风水		风俗		
算命	soe52min231	风俗		
算命先生		风俗		
师娘	sy55gnian21	风俗	巫婆	
关亡	kue55maon21	风俗	巫婆作法，使亡者通过巫婆与家人交谈	
许愿	shiu52gnioe231	风俗		
还愿	we22gnioe44	风俗		
男人	noe22gnin44	称谓		
女人	gniu22gnin44	称谓	多指已婚的	
毛毛头		称谓	出生不久的婴儿	
小毛头		称谓	出生不久的婴儿	
小人	siau41gnin34	称谓	孩子，可以用于对子女的统称	俚有三个~。（他有三个孩子。）
小囝<老>	siau41noe34	称谓	孩子，可以用于对子女的统称	
小囝儿<老>		称谓	孩子，可以用于对子女的统称	
小□	siau41shian34	称谓	孩子，可以用于对子女的统称，这说法用得不多	
男小人		称谓	男孩子	
男小囝<老>		称谓	男孩子	
小娘儿		称谓	女孩子	
女小娘		称谓	女孩子	
女小囡<老>		称谓	女孩子	
老老头		称谓	老头儿，中性	
老头子		称谓	略有贬义	
老脚鱼		称谓	骂老人的话，多指男的	
老死人		称谓	骂老人的话，多指男的	
老太	lau24tha21	称谓	老太太，中性	
老太婆		称谓	贬义	
老伯伯		称谓	对男性老人的客气称呼，相当于“大爷”	
姆娒	m22me44	称谓	对女性老人的客气称呼，相当于“大娘”	
小伙子		称谓		
城里人		称谓		
乡下人		称谓	略有贬义	
乡下曲死		称谓	骂乡下人的话	
乡下曲辫子		称谓	骂乡下人的话	
小脚娘娘		称谓	小脚女人	
女人妈妈		称谓	娘儿们，有贬义	一个~，会得做啥呢？
一家门		称谓	一家子	
自家人		称谓	自己人	
外头人		称谓	外人（与“自己人”相对）	
本地人		称谓		
外路人		称谓	外地人	
客边人<老>		称谓	外地人	
外国人		称谓		
客人	khaq22gnin44	称谓		
同年	don22gnie44	称谓	同庚	
同居住葛		称谓	住在同一个宅院内的邻居可相互称为~	
同居葛		称谓	住在同一个宅院内的邻居可相互称为~	
小朋友		称谓	青少年时期的朋友，不是指儿童	小王是伲儿子葛~。
小姊妹		称谓	青少年女子间的好朋友	
小□腊子		称谓	小人物	
孤孀	kou55saon21	称谓	寡妇	
养新妇		称谓	童养媳	
招女婿		称谓	入赘的女婿	
拖油瓶		称谓	妇女改嫁时带来的前夫的子女	
姘头	phin55deu21	称谓		
伴房小姐		称谓	很少外出、总躲在闺房里的小姐	
孛相人		称谓	旧时的一种流氓，多在上海，苏州也有	
告化子		称谓	乞丐	
拐子	kua41tsy34	称谓	拐卖孩子的骗子	
贼骨头		称谓	贼	
小贼	siau41zeq34	称谓	①小偷	
小贼	siau41zeq34	称谓	②小子，对人的轻蔑称呼，多对年轻人，有时也有亲热义	阿大搿~拨俚挡着官哉。（阿大这小资给他当上官儿了。）
三只手		称谓	扒手	
扒儿手		称谓	扒手	
强盗	jian22dau44	称谓	明火执仗的抢劫者	
江北人		称谓	苏北人，有贬义	
杀胚	saeq55phe34	称谓	改啥的人（骂人话）	
蜡烛	laeq23tsoq55	称谓	比喻不识相，不知好歹的人	
老鬼	lau22jiu44	称谓	很有经验的人，但有贬义	
愀货	chioe55hou21	称谓	坏家伙	
洋盘	yan22boe44	称谓	外行	
戆大	gaon24dou21	称谓	傻瓜	
□大	ge22dou44	称谓	傻瓜	
独头<老>	doq23deu31	称谓	傻瓜	
绸头	zeu22deu44	称谓	不知好歹的人	
猪头三		称谓	不知好歹的人，骂人意味更重	
宝货	pau52hou21	称谓	活宝	
老大	lau24dou21	称谓	有点类似“家伙”，比“家伙”稍客气些	搿个~蛮有本事葛。（这家伙挺有能耐。）
老兄	lau55shion21	称谓	有点类似“家伙”，略有诙谐义	
老二官		称谓	有点类似“家伙”，略有诙谐义	
户头	ghou22deu44	称谓	有点类似“家伙”	
败家精		称谓	摆架子	
蚌壳精		称谓	“蚌壳”与“碰哭”谐音，嘲笑一碰就要哭的人	
下作胚		称谓	下流的人	
小气胚		称谓	吝啬鬼	
书独头		称谓	书呆子	
定头货		称谓	冤家对头	
轻骨头		称谓	轻佻、不持重的人	
贱骨头		称谓	不识抬举的人	
木人头		称谓	思维迟钝的人	
老实头		称谓	老实人	
弯舌头		称谓	指说话听不懂的人，多指北方人	
三脚猫		称谓	什么都懂一点，什么都不真懂的人	
半吊子		称谓	没有信用、食言的人	
王伯伯		称谓	说话不算数、靠不住的人	
黄牛肩架		称谓	不负责任的人	
大亨	da22han44	称谓	旧时社会上有财有势又名的人	
亨头	han55deu21	称谓	旧时社会上有财有势又名的人	
大好佬		称谓	大人物	
大物事		称谓	能量大，不安分的人，多用于女性，有贬义	俚笃娘是个～。
阿曲死		称谓	土气的人	
忘事徒		称谓	记性不好的人，中性	
青肚皮猢狲		称谓	记性不好的人，贬义	
十三点		称谓	言语行为不得体的人	
温吞水		称谓	性情过分温和，好坏都没有反应的人	
死人额骨头		称谓	性情过分温和，好坏都没有反应的人，贬义更多	
煨灶猫		称谓	很没有精神的人	
倒头光		称谓	一有钱就花光的人	
□浆头		称谓	捣蛋鬼	
老百晓		称谓	什么都知道的人	俚是个~，问俚好则。（他什么都知道，问他就行。）
贼铁嘴		称谓	形容人爱狡辩，死不认错	还要~，死弗承认！
饿杀鬼		称谓	喻指狼吞虎咽的人	
讨债鬼		称谓	喻指给自己带来没完没了麻烦的人，父母常骂孩子为~	
尖屁股		称谓	坐不住的人	
拔脚花狸猫		称谓	坐不住的人	
杀千刀		称谓	常见骂人	
刮进模子		称谓	吝啬鬼	
嘴讲老大		称谓	善于耍嘴皮子的人	
射屁小伙子		称谓	不中用的小伙子	
穷爷	jion22ya44	称谓	粗鲁的自称，类似“老子”	~哀两日弗大开心。（老子这两天不太高兴。）
苏空头		称谓	苏州人自嘲的说法，跟“杭铁头”相对，意思似是苏州人较软，杭州人较硬，有戏谑义	
杭铁头		称谓	参看“苏空头”	
老板	lau22pe44	称谓		
老板娘		称谓		
东家	ton55cia21	称谓		
伙计	hou41ci34	称谓		
学生意		称谓	做学徒	
小贩	siau52fe21	称谓		
做小生意葛		称谓		
摊贩	the55fe21	称谓		
摆摊头葛		称谓		
老师	lau55sy21	称谓		
先生	sie55san21	称谓	旧时常面称老师为~	
学生子		称谓	学生	
木匠	moq23zian31	称谓		
泥水匠		称谓	泥瓦匠	
铁匠		称谓		
铜匠	don22zian44	称谓		
补镬子葛		称谓	补锅的	
洋铅匠		称谓	焊洋铁壶的	
裁缝	ze22von44	称谓		
剃头师父		称谓	理发员	
脚夫	ciaq55fu34	称谓		
轿板	jiau22fu44	称谓	轿夫	
荐头	tsie55deu21	称谓	旧时从事中介职业的人，为人介绍佣人、奶妈等	
堂倌	daon22kuoe44	称谓	旧称饭馆的服务员	
船老大		称谓	艄公	
船浪人		称谓	住在船上，以船为生的人，包括打渔的和运客、运货的	
烧饭师父		称谓	厨师	
饭师父		称谓	厨师	
吃开口饭葛		称谓	旧指演员，贬义	
奶妈	na22ma44	称谓		
佣人	yon22gnin44	称谓	仆人	
阿妈	aeq55ma34	称谓	中老年女佣	
娘姨	gnian22yi44	称谓	三十岁左右的女佣	
小大姐		称谓	近二十岁的女佣	
走做	tseu52tsou21	称谓	旧称钟点工	
倒老爷		称谓	旧指专为人家倒马桶的人	
郎中	laon22tson44	称谓	旧指中医	
走方郎中		称谓	江湖医生，行医	
白花郎中		称谓	庸医	
老娘	lau22gnian44	称谓	接生婆	
和尚	ghou22zaon44	称谓		
师姑	sy55kou21	称谓	尼姑	
道士	dau22zy44	称谓	出家的道教徒	
香火	shian55hou21	称谓	火居的和尚或道士。	俗语有：~赶出和尚。（反客为主）
亲眷	tshin55cioe21	亲属		
至亲	tsyu55tshin21	亲属	最亲近的亲戚。如舅父、姑母	
长辈	tsan52pe21	亲属		
太太	tha55tha21	亲属	①曾祖的统称；	
太太	tha55tha21	亲属	②专指曾祖母	
阿爹	aeq55tia34	亲属	祖父	
好婆	hau41bu34	亲属	祖母	
□婆	au55bu21	亲属	儿语“祖母”，首字应系幼儿说不清“好“的变音	
啊婆	a55bu21	亲属	儿语“祖母”，首字应系幼儿说不清“好“的变音	
外公阿爹		亲属	外祖父，背称	
阿爹	aeq55tia34	亲属	外祖父，面称	
外婆	nga22bu44	亲属	外祖母，背称	
好婆	hau41bu34	亲属	外祖母，面称	
爹爹	tia55tia21	亲属	父亲，面称	
爸爸<新>	pa55pa21	亲属	父亲，面称	
爷	ya223	亲属	父亲，背称	伲~（我爸）
姆妈	m55ma21	亲属	母亲	
姆娒<老>	m55me21	亲属	母亲	
娘	gnian223	亲属	母亲，背称	伲~（我妈）
丈人	zan22gnin44	亲属	岳父，背称	
丈姆	zaon22m44	亲属	岳母，背称	
丈姆娘		亲属	岳母，背称	
阿公	aeq55kon34	亲属	夫之父，背称	
公	kon44	亲属	夫之父，背称	
阿婆	aeq55bu34	亲属	夫之母，背称	
婆	bu223	亲属	夫之母，背称	
婆太太		亲属	对婆母表面尊敬实际不满的称呼，限于背称	伲个～是难服侍杀葛。（我们家那婆婆很难伺候。）
爷娘家		亲属	娘家	新妇回~去则。（儿媳妇回娘家了。）
老伯伯		亲属	①伯父；	
老伯伯		亲属	②对老年男子的尊称	
麻麻	mo22mo44	亲属	父之姐，背称	
伯伯	paq55paq55	亲属	父之兄，面称	
娘娘	gnian55gnian21	亲属	父之妹，部分面背	
娒娒	me55me21	亲属	①伯母；	
娒娒	me55me21	亲属	②姑母；	
娒娒	me55me21	亲属	③对老年妇女的尊称	
姆娒	m22me44	亲属	①伯母；	
姆娒	m22me44	亲属	②姑母；	
姆娒	m22me44	亲属	③对老年妇女的尊称	
叔叔	soq55soq55	亲属		
阿叔	a55soq55	亲属	叔叔，背称	
婶婶	sen41sen34	亲属	叔母	
婶娒<老>	sen41me34	亲属	叔母	
阿婶	aeq55sen52	亲属	叔母，背称	
娘舅	gnian22jieu44	亲属	舅父	
舅舅	jieu22jieu44	亲属	舅父	
舅姆	jieu22m44	亲属	舅母	
姑夫	kou55fu21	亲属	姑父，背称	
夫夫	fu55fu21	亲属	姑父，面称	
阿姨	a55yi21	亲属	①母之姐妹；	
阿姨	a55yi21	亲属	②对中年以上妇女的礼貌称呼，这是新起说法	
娘姨娒娒		亲属	母之姐	
姨夫	yi22fu44	亲属		
晚爷	me22ya44	亲属	继父	
晚娘	me22gnian44	亲属	继母	
寄名	ci55min21	亲属	认干亲	~拨俚笃。（认他家为干爹/干娘。）
寄爷	ci55ya21	亲属	干爹	
寄娘	ci55gnian21	亲属	干娘	
寄儿子		亲属	干儿子	
寄囡儿		亲属	干女儿	
平辈	bin22pe44	亲属		
夫妻	fu55tshi21	亲属		
男人	noe22gnin44	亲属	丈夫	
家小	ka55siau21	亲属	妻子	
家主婆		亲属	妻子，较粗俗	
屋里向		亲属	①家里；	昨日我弗辣~
屋里向		亲属	②妻子，背称，比“家小”客气；	
屋里向		亲属	③上世纪六七十年代，也有妇女称自己的丈夫为~	
屋里	oq55li412	亲属	①家里；	
屋里	oq55li412	亲属	②妻子，背称，比“家小”客气；	
屋里		亲属	③上世纪六七十年代，也有妇女称自己的丈夫为~	
大老母		亲属	大老婆	
小老母		亲属	小老婆	
哥哥	kou55kou21	亲属		
阿哥	aeq55kou34	亲属	多用于背称	
老兄	lau24shion21	亲属	只用于背称	
阿姐	aeq55tsia52	亲属		
姐姐	tsia41tsia34	亲属		
弟弟	di22di44	亲属	多用于背称，当面多叫名字	
兄弟	shion55di21	亲属	只用于背称	
老弟	lau55di21	亲属	只用于背称	
妹妹	me22me44	亲属	多用于背称，当面多叫名字	
妹子	me22tsy44	亲属	只用于背称	
弟兄	di22shion44	亲属	兄与弟	
弟兄淘里		亲属	兄弟之间，强调互相的关系	~蛮好葛。（指兄弟间关系很好。）
姊妹	tsi41me34	亲属	①姐与妹；	
姊妹	tsi41me34	亲属	②兄弟姊妹	俚笃～六个，三个男，三个女。
姊妹淘里		亲属	强调互相的关系	
嫂嫂	sau41sau34	亲属	扫字	
阿嫂	aeq55sau21	亲属	多用于背称	
弟新妇		亲属	弟媳	
姐夫	tsia41fu34	亲属		
妹夫	me22fu44	亲属		
双生子		亲属	双胞胎	
摆姆淘里		亲属	妯娌之间	
伯伯	paq55paq55	亲属	夫之兄，主要靠语境与父之兄相区分	
阿叔	aeq55soq55	亲属	夫之弟，主要靠语境与父之弟相区分	
小阿叔		亲属	夫之弟，主要靠语境与父之弟相区分	
姑娘	kou55gnian21	亲属	夫之姐妹	
阿舅	aeq55jieu52	亲属	妻之兄弟	
阿姨	aeq55yi34	亲属	妻之姐妹	
堂房弟兄		亲属	堂兄弟	
堂房阿哥		亲属	堂兄	
堂房兄弟		亲属	堂弟	
堂房姊妹		亲属	堂姊妹	
堂房阿姐		亲属	堂姐	
堂房妹子		亲属	堂妹	
表弟兄		亲属	表兄弟	
表兄	piau41shion34	亲属		
表弟	piau52di21	亲属		
表姊妹		亲属		
表阿姐		亲属	表姐	
表妹	piau52me21	亲属		
连襟	lie22cin44	亲属		
亲家	tshin55ka21	亲属	①亲家的统称；	
亲家	tshin55ka21	亲属	②亲家公	
亲家母		亲属		
小辈	siau52pe21	亲属	晚辈	
儿子囡儿		亲属	子女（儿子和女儿的总称）	
儿子	gni22tsy44	亲属		
大儿子		亲属		
小儿子		亲属		
老拖儿子		亲属		
领葛儿子		亲属	养子	
新妇	sin55vu21	亲属	儿媳妇	
囡儿	noe22ng44	亲属	女儿	
囡儿小姐		亲属	对女儿的客气称呼，略有讽刺义	俚笃葛～是难服侍杀葛。（他们家女儿很难伺候。）
女婿	gniu24si21	亲属		
毛脚女婿		亲属	还没完婚的女婿	
阿侄	aeq55zeq55	亲属	侄子	
侄囡儿		亲属	侄女	
外甥	nga22san44	亲属	①姐妹之子；	
外甥	nga22san44	亲属	②女儿之子，即外孙	
外甥囡儿		亲属	①姐妹之女；	
外甥囡儿		亲属	②女儿之女，即外孙女	
孙子	sen55tsy21	亲属		
孙新妇		亲属		
孙囡儿		亲属	孙女	
孙女婿		亲属		
重孙	zon22sen44	亲属		
弟弟	di22di44	亲属	长辈对男孩子较客气的称呼，对自己的和人家的儿子都可面称~	俉笃~（你们家孩子）
妹妹	me22me44	亲属	长辈对女孩子的称呼，对自己的和人家的儿子都可面称~	
阿囡	aeq55noe34	亲属	对子女的昵称	
囡囡	noe55noe21	亲属	对子女的昵称	
学堂	ghoq23daon31	文教娱乐	学校	
读书则		文教娱乐	上学了（开始上小学）	
到学堂		文教娱乐	上学（去学校上课）	
放学则		文教娱乐	放学了	
放饭学		文教娱乐	中午放学	
放夜学		文教娱乐	下午放学	
赖学	lau22ghoq44	文教娱乐	逃学	
幼儿园		文教娱乐		
幼稚园<老>		文教娱乐		
托儿所		文教娱乐		
放假	faon55ka21	文教娱乐		
暑假	syu55ka21	文教娱乐		
寒假	ghoe22ka44	文教娱乐		
请假	tshin52ka523	文教娱乐		
敲手心		文教娱乐	打手心，旧时老师惩罚学生的方式	
立壁角		文教娱乐	对墙壁而立，旧时惩罚学生的方式	
关饭学		文教娱乐	上午放学后不让马上回家，惩罚学生的方式	
关夜学		文教娱乐	下午放学后不让马上回家	
课堂	khou55daon21	文教娱乐	教室	
上课	zaon24khou21	文教娱乐		
下课	gho24khou21	文教娱乐		
讲台	kaon41de34	文教娱乐		
黑板	heq55pe52	文教娱乐		
粉笔	fen41piq34	文教娱乐		
黑板揩		文教娱乐	黑板擦	
戒尺	ka55tshaq21	文教娱乐		
簿子	bu22tsy44	文教娱乐	本子	
日记簿		文教娱乐	日记本	
簿面	bu22mie44	文教娱乐	书本的封面或套在书外的封套	
铅笔	khe55piq21	文教娱乐		
橡皮	zian22bi44	文教娱乐	橡皮擦	
圆规	yoe22kue44	文教娱乐		
三角尺		文教娱乐	三角板	
衬板	tshen55pe21	文教娱乐	写字时衬垫在纸下的板	
作文簿		文教娱乐		
大字簿		文教娱乐		
描红簿		文教娱乐	红模子	
钢笔	kaon55piq21	文教娱乐	①蘸水钢笔	
钢笔	kaon55piq21	文教娱乐	②自来水笔	
自来水笔		文教娱乐		
毛笔	mau22piq44	文教娱乐		
笔套	piq55thau412	文教娱乐	笔帽	
笔筒	piq55don34	文教娱乐		
砚岳	gnien22goq44	文教娱乐	砚台	
磨墨	mo223meq23	文教娱乐	研墨	
墨水	meq23syu31	文教娱乐	钢笔用的	
墨汁	meq23tseq55	文教娱乐	毛笔用的	
鐾	bi231	文教娱乐	掭（毛笔）	
书包	syu55pau21	文教娱乐	专指学生放书用的包，其他包不叫~	
盐书包		文教娱乐	指学习很不好的人呢，谐音“现世报”	
叫扁	ciau55bie21	文教娱乐	哨子	
叫叫	ciau55ciau21	文教娱乐	哨子	
读书	doq23syu44	文教娱乐		
温书	uen55syu21	文教娱乐		
背书	be231syu44	文教娱乐		
考试	khau52syu21	文教娱乐		
考卷	khau41cioe34	文教娱乐		
批卷子		文教娱乐	批改卷子	
满分	moe22fen44	文教娱乐		
零汤团		文教娱乐	零分	
第一名		文教娱乐		
阿末名		文教娱乐	末名	
着末名		文教娱乐		
大楷	da22kha44	文教娱乐		
小楷	siau41kha34	文教娱乐		
划脱	waeq23theq55	文教娱乐	涂了	
写白字		文教娱乐		
一点		文教娱乐		
一划	iq55waeq55	文教娱乐	一横	
一竖	iq55zyu52	文教娱乐		
一撇	iq55phiq55	文教娱乐		
一捺	iq55naeq55	文教娱乐		
一勾	iq55keu34	文教娱乐		
边帮	pie55paon21	文教娱乐	偏旁	
单竖人		文教娱乐	单立人儿	
双竖人		文教娱乐	双立人儿	
宝盖头		文教娱乐	宝盖儿	
竖心边帮		文教娱乐	竖心旁	
反犬帮		文教娱乐		
耳朵边帮		文教娱乐	①单耳刀儿	
耳朵边帮		文教娱乐	②双耳刀儿	
反文	fe41ven34	文教娱乐		
斜王帮		文教娱乐	斜玉旁	
踢土边帮		文教娱乐	提土旁	
竹里头		文教娱乐	竹子头儿	
草字头		文教娱乐		
火字边帮		文教娱乐		
三点水		文教娱乐		
走之	tseu41tsyu34	文教娱乐	走之儿	
绞丝边帮		文教娱乐		
挑手边帮		文教娱乐	提手旁	
走肖赵		文教娱乐	苏州话“邵、赵、曹”同音，都读zau231，所以在说明姓哪个zau231时，要说明此字的结构	
刀口邵		文教娱乐	参考“走肖赵”	
曲日曹		文教娱乐	参考“走肖赵”	
草头黄		文教娱乐	苏州话”黄、王“同音，都读waon223，所以在说明姓哪个waon223时，要说明此字的结构	
三划王		文教娱乐	"参看”草头黄"""	
白相家物事		文教娱乐	玩具	
小人书		文教娱乐	连环画	
小书	siau41syu34	文教娱乐	连环画	
洋画	yan22gho44	文教娱乐	小画片，旧时香烟盒里多附送~，除了欣赏画儿外，孩子主要拿来做游戏	
画画张		文教娱乐	挂在墙上的画儿	
勃弗倒		文教娱乐	不倒翁	
伴孟孟		文教娱乐	捉迷藏	
老鹰捉小鸡		文教娱乐	老鹰抓小鸡	
猜谜谜子		文教娱乐	猜谜	
采东采		文教娱乐	二人决定先后的游戏，通称”剪子、石头、布“。孩子们玩儿时，口中不断说~	
拼灵碰冷取		文教娱乐	多人决定先后的游戏，通称”手心、手背“。孩子们玩儿时，口中不断说~	
放炮仗		文教娱乐		
放爆仗<老>		文教娱乐		
放鹞子		文教娱乐	放风筝	
假儿摩摩		文教娱乐	儿童游戏，做家家	
踢究踢		文教娱乐	踢毽子	
捉贴子		文教娱乐	抓子儿的“字儿”	
造房子		文教娱乐	跳房子	
跳牛皮筋		文教娱乐	跳猴皮筋儿	
挑绷绷		文教娱乐	一种用线玩的游戏	
打弹子		文教娱乐	弹球儿	
削水片		文教娱乐	打水漂儿	
车铁箍		文教娱乐	滚铁环	
扯铃	tsha55lin21	文教娱乐	空竹	
贱骨头		文教娱乐	陀螺	
掼铃角		文教娱乐	“铃角”是一种类似陀螺而稍大的玩具	
掉龙灯		文教娱乐	舞龙灯	
荡河船		文教娱乐	跑旱船	
扭秧歌		文教娱乐		
象棋	zian22ji44	文教娱乐		
着棋	tsaq43ji223	文教娱乐	下棋	
将	tsian523	文教娱乐	①棋子之一，“帅”也说~	
将	tsian523	文教娱乐	②攻击对方~的行为	~！
士	zy231	文教娱乐		
象	zian231	文教娱乐	“相”也说~，“相、~”在苏州话不同音	
车	tsho44	文教娱乐		
马	mo231	文教娱乐		
炮	phau523	文教娱乐		
兵	pin44	文教娱乐	“卒”也说~	
叉士	tsho44zy231	文教娱乐	上士	
落士	loq23zy231	文教娱乐		
飞象	fi44zian231	文教娱乐		
落象	loq23zian231	文教娱乐		
豁拳	huaeq55jioe34	文教娱乐	划拳	
掷骰子		文教娱乐		
牌九	ba22cieu44	文教娱乐	一种32张的骨牌	
叉麻将		文教娱乐	打麻将	
碰	phan523	文教娱乐	麻将的打法	
吃	chiq43	文教娱乐	麻将的打法	
杠	kaon523	文教娱乐	麻将的打法	
和	ghou223	文教娱乐	麻将的打法	
淴河浴		文教娱乐	游泳	
淴冷浴		文教娱乐	游泳	
梗蒙子		文教娱乐	潜水	
拍台球<老>		文教娱乐	打乒乓球	
笃篮球		文教娱乐	打篮球	
千跟朵		文教娱乐	翻跟头	
豁虎跳		文教娱乐	侧身翻筋斗	
京戏	cin55shi21	文教娱乐		
绍兴戏		文教娱乐	越剧	
滩簧<老>	the55waon21	文教娱乐	越剧	
戏子	shi55tsy21	文教娱乐	旧称演员	
说书	seq55syu34	文教娱乐		
评弹	bin22de44	文教娱乐	说书现在的正式名称	
大书	dou22syu44	文教娱乐		
评话	bin22gho44	文教娱乐	大书现在的正式名称	
小书	siau41syu34	文教娱乐		
弹词	de22zy44	文教娱乐	小书现在的正式名称	
说书先生		文教娱乐	评弹演员	
出会	tsheq43we231	文教娱乐	旧时举行庙会之类的活动	
事体	zy22thi44	日常生活	事情	
交易经		日常生活	指不太满意的事情	哀注~是我下趟弗来则。（这种事儿我下次不干了。）
做生活		日常生活	干活儿，多指正式的工作	辣厂里~
重头生活		日常生活	重活儿	
做事体		日常生活	做事，泛指各种事，包括工作、家务活	
爬起来		日常生活	起床	
起来	chi55le21	日常生活	起床	
起早起		日常生活	早起	
睏晏朝		日常生活	睡懒觉	
揩面	kha44mie231	日常生活	洗脸	
抚面<老>	bu22mie44	日常生活	洗脸	
面汤水<老>		日常生活	洗脸水	
揩面水		日常生活	洗脸水	
啯嘴	koq43tsyu51	日常生活	漱口	
梳头	sy44deu223	日常生活		
剪节掐子		日常生活	剪指甲	
剃头	thi41deu223	日常生活	理发	
修面	seu44mie231	日常生活	挂链	
刮胡子		日常生活		
扒耳朵		日常生活	掏耳朵	
淴浴	hoq55yoq55	日常生活	洗澡	
揩身	kha44sen44	日常生活	擦洗上身。旧时洗澡条件差，常以此代替洗澡	
擦背	tshaeq55pe412	日常生活	搓背	
射	za231	日常生活	拉（大小便）	
射尿	za22syu44	日常生活	小便	
拆尿	tshaq55syu34	日常生活	小便，较俗的说法	
解手<老>	ka51seu51	日常生活	小便，较文名的说法	
小便	siau41bie34	日常生活		
登坑	ten55khan21	日常生活	大便	
拆屎		日常生活	大便，较俗的说法	
乘风凉		日常生活	乘凉	
孵太阳		日常生活	晒太阳	
打中觉		日常生活	睡午觉	
打瞌冲		日常生活	打盹儿	
打花掀		日常生活	打哈欠	
伸懒腰		日常生活	疲倦时伸展上肢作深呼吸	
睏来	khun55le21	日常生活	睏，想睡	~得啦。（真睏啊。）
开灯	khe44ten44	日常生活		
关灯	kue44ten44	日常生活		
睏觉	khun55kau21	日常生活	睡觉	
铺床	phu44zaon223	日常生活		
睏下来		日常生活	躺下	
睏一寣		日常生活	睡一觉	
睏着则		日常生活	睡着了	
打昏	tan41hun34	日常生活	打鼾	
睏弗着		日常生活	睡不着	
欠睏	chie55khun21	日常生活	觉睡得太少	哀两日~，一滴滴精神匣无不。（这两天觉少，一点精神都没有。）
落寣	loq23hueq55	日常生活	睡得沉	
睏出寣		日常生活	睡过头	
仰刚睏		日常生活	仰面睡	
侧转睏		日常生活	侧着睡	
合爬睏		日常生活	趴着睡	
睏别葛头颈		日常生活	落枕	
做梦	tsou52mon231	日常生活		
说睏话		日常生活	说梦话	
魇	ie51	日常生活	梦魇	伲儿子昨日夜里~则。
磨夜作		日常生活	熬夜	
出门	tsheq55men34	日常生活		
转来	tsoe41le34	日常生活	回来	
荡马路		日常生活	逛街	
应酬	in41zeu34	日常生活		
来去	le22chi44	日常生活	来往	伲搭老张笃一径有～葛。（我们跟老张家一直有来往。）
张	tsan44	日常生活	看望	李老师生病则，去~~俚。
留步吧		日常生活	主人送客时客人说的客气话	
弗送则		日常生活	不送了，送客时主人说的客气话	
安置	oe55tsyu21	日常生活	旧时请人睡觉的客气话	辰光弗早哉，~吧。（时间不早了，休息吧。）
碰杯	pan41pe34	日常生活	干杯	
辖拳	huaeq43jioe223	日常生活	花圈	
会钞	we22tshau44	日常生活	付款，即现在说的“埋单”	
要好	iau55hau21	日常生活	关系要	俚笃两家头蛮～葛。（他们俩关系很好。）
上路	zaon24lou21	日常生活	在朋友交际中讲信用，仗义	
弗上路		日常生活	在朋友交际中不讲信用，不仗义◇~比“上路”用得多	
轧姘头		日常生活	乱搞男女关系	
寻相骂		日常生活	吵架	
打相打		日常生活	打架	
骂山门		日常生活	骂人	
和调	ghou22diau44	日常生活	①无原则地随声附和	
和调	ghou22diau44	日常生活	②胡闹	
穿绷	tshoe55pan21	日常生活	露出真相	
弗局	feq55jioq55	日常生活	不妥，不合适	空仔两只手到别人家屋里去是~葛。（空了两只手到人家家里去不合适。）
讲得头来		日常生活	说的投机，合得来	伲两家头是蛮~。其反义是“讲弗头来”kan feh deu le
淘伴	dau22boe44	日常生活	伙伴	
熟事人		日常生活	熟人	
孛相	beq23sian31	日常生活	玩儿	
接殅	tsiq55san34	日常生活	做佛事迎接亡魂回归故居，引申为骂人话，诅咒人，意为短命的，多为女子用	~葛小死人，死到哪搭去哉。（短命的孩子，死到哪儿去了？）
娘妈东菜		日常生活	旧时的骂人话，不算太粗鲁	
娘东菜		日常生活	旧时的骂人话，不算太粗鲁	
牢监	lau22ke44	日常生活	监牢	
司前街		日常生活	苏州城内一条街，旧时鉴于在此街上，著名的七君子即关押此处。本地人一次代替监狱	
□	eu523	动作	弯（腰），低（头）	头~倒点。（头低一点。）
□	ou523	动作	陷（在松软的东西中）	~辣棉花胎里。（陷在棉花套里。）
□	gan223	动作	用身体往前挤	倷覅~娘。（你别挤呀。）
□	jiau231	动作	撬	~匣~弗动。（撬也撬不动。）
□	gaon223	动作	跻身	懂末弗懂，倒是~辣个前八尺。（懂又不懂，倒是抢在最前头！）
□	gen231	动作	啃	~骨头（啃骨头）
□	gou223	动作	裹、堆、压	身浪~仔两件棉袄。（身上裹了两件棉袄<表示多>。)
□	guah23	动作	①碰、蹭	竹头~着别人则。（竹竿碰着人家。）
□	guah24	动作	②引申为偶尔听到	拨我~着一句。（给我偶尔听到一句。）
□	iau51	动作	折叠	~衣裳
□	khen44	动作	翻找，带贬义	
□	'''le44'	动作	用刀划，用力适中	~一刀
□	soe51	动作	撒，多限于做菜时撒作料	~点盐辣上头。（撒点盐在上头。）
□	cheu51	动作	揪	一把~牢仔弗放。（一把揪住了不放。）
□	ziau231	动作	①搅拌	
□	ziau232	动作	②捣乱	拨俚~杀哉。（给他闹死了。）
□	au51	动作	用手腕的力拿东西	~匣~弗动。（拿也拿不动。）
挨	a44	动作	勉强地吃	哀碗饭实在~弗下去哉。（这碗饭实在吃不下去了。）
傲	ngau231	动作	仰面躺着把头抬起	头~起来仔看啥。（头抬起来看什么？）
拌	boe231	动作	躲藏，只用于人	~辣床底下。（躲在床底下。）
勃	beh23	动作	转动，引申为纠缠	头~转来。（头转过来！）|一日到夜搭俚~弗清爽。（一天到晚跟他纠缠不清。）
部	bu231	动作	蹲	~辣地浪。（蹲在地下。）
出	tsheh43	动作	（两个人用手）抬，多用于较大的东西	拿台子~一~。
统	thon51	动作	挪	拿台子~一~。
搀	tshe44	动作	搀扶	
尺	tshah43	动作	较用力地搀扶、提	~俚一把。（用力搀他一下。）
醋	tshou523	动作	（用力）刷	裤脚管浪葛烂泥~~脱。（把裤腿上的泥刷了。）
导	dau231	动作	用棍子、勺之类搅	镬子里葛粥要~~。（锅里的粥要搅一搅。）
担	te44	动作	主动送上门	快点搭俚~得去。（快点替他送去。）
的	tih43	动作	掐	~俚一把。（掐他一把。）
豆	deu231	动作	乱动、挣扎	只鸡还勒海~。（这鸡还在挣扎。）
厾	toh43	动作	仍	破鞋子~脱仔吧。
特	deh23	动作	掉	天浪~下来一块肉。
德	teh43	动作	转（身）	身体~转来。（身体转过来。）
绸	zeu223	动作	抽（丝、线之类）	
掼	gue231	动作	（毛巾、衣服之类）搭在（某处）	衣裳~辣交椅浪。（衣服搭在椅子上。）
哈	ha44	动作	揍	一记~上去！
得	teh43	动作	粘	那点浆来~一~。（那点浆糊来粘一粘。）
黑	heh43	动作	揭，多指揭开粘在一起的布、纸等	得牢仔~弗开。（站住了揭不开。）
亨	hen44	动作	撕	
呼	hou44	动作	具体的喝这一动作	~一口茶
呷	haeh43	动作	具体的喝这一动作	
霍	hoh43	动作	挨、靠、贴	覅~牢我。（别贴着我！）
靠	khau523	动作	①舀	~点汤。
靠	khau524	动作	②购买液体的食物如酒、酱油	
律	lih23	动作	把水滤干	
络	loh23	动作	爬、攀附（在树枝、竹竿上）	像只活狲~辣葛树浪。（像只猴子趴在树上。）
陪	be223	动作	爬	乌龟辣地上~。
烹	phan44	动作	少量液体喷洒	有雨~进来。（雨水从屋外飘洒进来。）|~点酒。（做菜时，喷洒少量酒。）
彭	ban223	动作	两腿左右分开	两只脚~开仔。（两条腿分开了。）
撇	phih43	动作	把漂浮在液体的杂质去掉	~脱点摩。（去掉些泡沫。）
妻	tshi44	动作	（用细、软的针状物）捅	拿稻柴~俚葛耳朵。（用稻草捅他的耳朵。）
琴	jin223	动作	前臂水平向放在某处	~辣台子浪。（胳膊搁在桌上。）
熟	zoh23	动作	捅	~俚一拳。
塔	thaeh43	动作	涂抹	~点浆。（抹点浆糊。）
香	shian44	动作	吻	~面孔
镶	sian44	动作		酒里~水（酒里兑水）
嚣	shiau44	动作	掀、翻	拿被头~转来。（把被子翻过来。）
牙	nga223	动作	啃	块肉骨头拨倷~~吧。（这块肉骨头给你啃啃吧。）
真	tsen44	动作	有目的地扔	一块砖头~过来。
枕	tsen51	动作	用手挤	搿牙膏~匣~弗出。（这牙膏挤也挤不出。）
姿	tsy44	动作	钻	板浪~个眼眼。（板子上钻个眼儿。）
绽	ze231	动作	溅	~得我一身！
妈	ma44	动作	慢慢挪动，限于指人	慢慢叫~过去。
胜	sen523	动作	用劲使身体上举	用点劲~上去。
绝	zih23	动作	拧有螺纹的东西	~螺丝
摧	tshe44	动作	猛一下倒（水）	盆水拨我~脱哉。（这盆水给我倒了。）
煞	saeh43	动作	掖（被角等）	被头~~好。（把被子掖好了。）
傍	baon231	动作	比较	放辣已到~~看。（放在一起比比。）
拨	peh43	动作	给	~我本书。
汏	da231	动作	洗	
放	faon523	动作		~辣台子浪（放在桌上）
摆	pa51	动作	较认真地放	当心点~好
传	zoe231	动作	传递的传，读阳去	~本书拨我。（递本书给我。）
挥	hue44	动作	读阴去，手臂动作较大地扔	用劲~出去。
弯	ue523	动作	读阴去，指中途在某处停留	倷转来辰光到邮政局去~一~。（你回来时到邮局去绕一下。）
拗	au44	动作	折、撅	拿树桠枝~断脱。
拔	baeh23	动作		~萝卜
掰	pah43	动作		拿橘子~开
抱	bau231	动作		小人~辣手里。（孩子抱在怀里。）
鐾	bi231	动作		~~刀
走	tseu51	动作	行走	
奔	pen44	动作	奔跑	
碰	phan523	动作	门在外力下一下子关上，区别于正常关上	一阵风拿门~上哉。（一阵风把门关上了。）
滗	pi523	动作	挡住固体，让其中的液体流出	
倒	tau51	动作		~水
掸	te51	动作	用掸子擦去灰尘	
挡	taon523	动作	（用手）掌	搭我~一把。（替我掌一下。）
跌	tih43	动作	摔	~仔一跤
避	bi231	动作	步子不稳	俚酒吃则醉，走路有点~。
掇	teh43	动作	端（凳子）	
隑	ge231	动作	斜靠	~辣墙头浪。（靠在墙上。）
划	gho223	动作	①~船	
划	gho224	动作	②往嘴里扒拉饭菜	~仔一大口饭。
推	the44	动作	塞	一块肉~辣嘴里。|一把柴~辣灶膛里
湔	tsie44	动作	用水刷洗	~一~
拣	ke51	动作	挑选	倷自家~一个
截	zih23	动作	锯	~脱一段
嚼	ziah23	动作		~弗入（嚼不动）
揩	kha44	动作	擦	~~干净。（擦干净了。）
看	khoe523	动作		~电视
扛	kaon44	动作	两人用杠子~，人在前后，东西在中间	
囥	khaon523	动作	藏，只用于物	铜钿~辣枕头底下。
跨	kho523	动作	迈	从门槛浪~过去。
窥	khue51	动作	无意中眼光扫到	~着一眼。
捞	lau51	动作	读上声①用手指捞取	
捞	lau52	动作	读上声②不正当地捞取	~点浆拨我。（捞点浆糊给我。）|~外快
立	lih23	动作	站立	我~辣外头。（我站在外头。）
捩	lih23	动作	用手指揪	辣大腿浪~一把。（在大腿上揪一把。）
拎	lin44	动作	提	~仔一只篮。
撸	'''lou44'	动作	按摩、揉搓	辣面孔浪~~。
拿	no223	动作	①动词	苹果~拨我。
拿	no224	动作	②介词	~俚骂一顿。
捻	gnie51	动作	用拇指和食指来回~	
捏	gniah23	动作	攥	~牢（攥牢）
劈	phih43	动作	砍	~树
掐	khaeh43	动作	用拇指和食指的指甲~皮肉	
扦	tshie44	动作	专指削梨之类球状物的外皮	
掮	jie223	动作	①肩扛	~辣肩架浪
掮	jie224	动作	②举起	拿手举起来
敲	khau44	动作	不很用力地打	~俚一记。（打他一下。）
缲	tshiau44	动作	卷（起袖子）	衣裳管~起来。（袖子~起来。）
揿	chin523	动作	用手指按	~~牢（按住了）
袋	de231	动作	装（如口袋中）	~辣袋袋里。
觑	tshi44	动作	眯	眼睛~勒海仔看。（眯着眼看。）
苫	soe523	动作	在被子上再加盖褙子或衣服	今朝天冷，床浪再~条薄被头吧。（今天天冷，床上再加床薄被吧。）
拾	zih23	动作	捡	~着十块洋钿。
扤<老>	ngeh23	动作	捡	
踏	daeh23	动作	踩踏	~仔我一脚。（踩了我一脚。）
逃	dau223	动作	逃跑	小偷~脱则。
闻	men223	动作	用鼻头	鼻子~
削	siah43	动作	水平或斜向砍劈	~脱一只角。
序	zi231	动作	整理	拿书~好。（把书理好。）
揎	shieu44	动作	很猛地伸出去	一记~上去。（一巴掌<或棍子>打去！）
寻	zin223	动作	寻找	钥匙~着则。
咬	ngau231	动作	狗~人	
舔	thie51	动作	用舌头~	
挑	thiau44	动作	用扁担~，一人在中间，东西在前后	
跳	thiau523	动作	用劲一~	
听	thin44	动作	用耳朵~	
吐	thou51	动作	~痰	
制	tsyu523	动作	安装的安	搭我~根绳辣墙头浪。（替我安根绳子在墙上。）
追	tse44	动作	追赶	登辣后头~。（在后头追。）
捉	tsoh43	动作	抓	小偷~牢则。
纵	tson523	动作	往上跳	
淘（汤/饭）	dau223	动作	在汤或开水里泡米饭	~点汤勒吃。（泡点汤吃。）
抓	tsau44	动作	搔	髈浪裁~破哉。（腿上都挠破了。）◇《广韵》肴韵侧交切
渳	mi44	动作	小口喝	~口酒◇《广韵》纸韵绵婢切“说文饮也”
𠜱	phi44	动作	水平向削	削火腿◇《集韵》齐韵篇迷切“削也”
拽	yih23	动作	拉，牵引	衣裳~~直落。（衣服拉直了。）
䶕	bo223	动作	牙齿露在唇外头	~牙子
敨	theu51	动作	①~开；	
敨	theu52	动作	②~气	◇《集韵》厚韵他口切“展也”
匽	ie51	动作	躲藏，多限于不让人看见	~辣门角落里。（躲在门后。)◇《广韵》阮韵于幰切“隐也”
䞁	ie523	动作	比大小长短	~~看看啥人长。（比比谁个子高。）
撢	thoe523	动作	从上方取下	拿篮~下来。◇《广韵》勘韵他绀切“探取”
扚	tih43	动作	捶（背、衣服）	~背|~衣裳◇《集韵》锡韵丁历切“击也”
摇头	yau22deu44	动作		
横搭头		动作	摇头，有戏谑义	
摇转	yau22tsoe44	动作	（门）虚掩	门~点。（把门虚掩上。)
摇上	yau22zaon44	动作	（门）虚掩	
踏□		动作	踩空	看好仔琴头，当心覅~。（看好了台阶，当心别踩空。）
沉倒	zen22tau44	动作	埋着（头）	~仔个头弗响。（买着脑袋不吭气。）
沉杀	zen24saeh21	动作	淹死	跌辣河里~则。（掉在河里淹死了。）
出松	tsheh55son34	动作	开溜	
得头	teh55deu34	动作	点头	
点头	tie44deu223	动作		
放手	faon52seu51	动作	撒手	
打扇	tan52soe21	动作	替别人扇扇子	
南无	na55mo21	动作	双手合十	~仔手。
跳脚	thiau22ciah44	动作	跺脚	
霎眼睛		动作	挤眼	
睁开眼睛		动作		
弹弹眼睛		动作	瞪一下眼睛	
□里仔葛眼睛	mau li tsy keh nge tsin	动作	皱着眉，集中眼力看，多用于形容孩子	
看野眼		动作	不看该看的东西，而是看不相干的东西	
出眼泪		动作	流泪	
哭出来		动作	开始哭	
拖鼻涕		动作		
缩鼻涕		动作	吸溜鼻涕	
揩鼻涕		动作	擦鼻涕	
擤鼻涕		动作	擦鼻涕	
歪歪嘴		动作	努嘴	
香面孔		动作	吻	
妻花□	tsi ho lo	动作	胳肢人	
坑鼻头		动作	用食指在鼻头下面人中处划过，这是评弹中小生专有的动作	
赤膊	tshah55poh55	动作	光膀子	
赤郭落		动作	光膀子	
打起仔穷结		动作	双臂交叉在胸前	
反绑仔手		动作	背着手	
镶笼管		动作	双手交叉伸到袖筒里	
岳起头		动作	抬起头	
退缩走		动作	倒退着走	
闸一埭		动作	很快地走一趟	
认得	gnin24teh21	动作	认识	
弗认得		动作	不认识	
晓得	shiau41teh34	动作	知道	
弗晓得		动作	不知道	
欢喜	huoe55shi21	动作	喜欢	
爱惜	e55sih21	动作		
想	sian51	动作	思索	让我~~看。
相信	sian55sin21	动作		
恨	ghen231	动作		
疰	tsyu523	动作	恨、厌恶	见仔俚~葛。（厌恶他。）
咬卵	ngau22loe44	动作	耿耿于怀，粗俗的说法	倷覅~。
吓	hah43	动作	害怕	还弗转来，等得我~杀哉。（还不回来，等得我急坏了。）
□思	heu55si21	动作	担心	
休思	shieu55si21	动作	担心	
定心	din22sin44	动作	安心，不着急	
近	jin231	动作	①打寒战	冻得我一~。
近	jin232	动作	②心慌	看勒海心~葛。（看了让人心慌<害怕>。）
熬	ngau223	动作	忍受，口语常用	~弗牢（憋不住）
懊憦	au55lau21	动作	后悔	
巴望	po55maon21	动作	盼望	
疑心	gni22sin44	动作	怀疑	
动气	don24chi21	动作	生气	俚叶~则。（他又生气了。）
牵记	chie55ci21	动作	挂念	
当心	taon55sin21	动作		
小心	siau41sin34	动作		
钝卵	den22loe44	动作	本想做某事因闹别扭故意不做	
估	kou51	动作		~~看。（估计一下。）
杭	ghaon223	动作	捱，承受	让我来~一记看。（让我来承受一下。）
发极	faeh43jih23	动作	因没打到目的地而着急、胡来	弗拨俚去佬~哉。（不让他去<所以>着急了。）
发极□		动作	因没打到目的地而着急、胡来	
伤使性		动作	因不满而使性子胡来	朆答应俚就~哉。（没答应他就使性子胡来了。）
光火	kua55nhou21	动作	发货	一听就~！
嫌鄙	yie22pi44	动作	）丢不下	~物事弗好。（嫌东西不好。）
掉弗落		动作	（心中	
烦	ve223	动作		
讨厌	thau52ie21	动作	①讨厌	蛮~俚。
讨厌	thau52ie22	动作	②（事情）难办、麻烦	事体蛮~葛。
眼热	nge22gnih44	动作	羡慕	~杀则。（羡慕死了。）
眼红	nge22ghon44	动作	羡慕	
□麦	loh55mah55	动作	乐观，会自找乐子	俚笃爷蛮~葛。
□开	loh55khe34	动作	乐观，会自找乐子	
弗壳张		动作	没料到（不能单用“壳张”）	~会出搿注事体。（没料到会出这种事！）
讲	kaon51	动作	说	
讲闲话		动作	说话	覅~。（别说话！）
讲张	kaon41tsan34	动作	交谈	两个人勒海~。
喊	he523	动作	叫	~俚医生。
骂	mo231	动作		覅~人。
哭	khoh43	动作		
弗响	feh55shian52	动作	不吭气儿	搭俚讲闲话，俚终归~。（跟他说话，他总是不吭气儿。）
正	tsen523	动作	争执、争辩	一定要搭别人~葛。（一定要跟人家争辩！）
埋怨	ma22ioe44	动作		
睬心	tshe41sin34	动作	留意	我朆~俚来歇过惑。（我没注意他来过啊。）
在心	ze22sin44	动作	留意	
傲杀	ngau22saeh44	动作	渴望	~葛想买套房子。
巴巴之望		动作	渴望	
头大	deu223dou231	动作	比喻感到为难或讨厌，同武汉一代常说的“伤脑筋”	我见仔俚是~葛。
咕	gou231	动作	嘀咕，自言自语	
回头	we22deu44	动作	①回绝	拨我~脱哉。（给我回绝了。）
回头	we22deu45	动作	②回应	去勒弗去裁应该去~一声。（去不去都应该给人家一个回音。）
扯嚣	tsha41shiau34	动作	（把话题）引开	倷搭俚~~，该个事体覅讲哉。（你跟他扯扯开，这事儿别说了。）
回嘴	we22tsyu44	动作	顶嘴	大人讲闲话，小人弗许~。
口冲	kheu52tshon21	动作	口误	
讲孛相		动作	聊天	
吃排头		动作	挨批评	
吃□头	chih goh deu	动作	挨批评	
嚼舌头		动作	交涉	
唊嘴舌		动作	搬弄是非	
强掰嘴		动作	强辩	错仔还弗成人，还要~！
吹牛山		动作	吹牛	
吹牛屄		动作	较粗俗的说法	
咬耳朵		动作	耳语	
响弗落		动作	无话可说，只因太好或太不好	
吃弗消		动作	受不了	吵得我实在~哉。（吵得我实在受不了了。）
杭弗□	aon feh shia	动作	受不了	
吃□	chih55soe52	动作	令人退避三舍	我见仔俚是~葛。（我真受不了他。）
讨口彩		动作	说吉利话	
说死话		动作	说大实话，或逗人发笑的幽默话	
触心筋		动作	触及痛处	拨俚讲得我~。
旺	waon231	动作	打赌	打倷~点啥。（跟你打什么赌？）
旺东道		动作	打赌	打倷~喏。（跟你打赌！）
打葛伦		动作	说话时突然停一下	闲话讲的快得弗得了，葛伦匣弗打一个。（一个话说得快得不得了，一点儿停顿都没有。）
撺掇	tshoe552te1h	动作	怂恿	
刮居一声		动作	打个招呼，请人关照	倷看见俚葛辰光，搭我~。（你看见他时，帮我打个招呼。）
许	he51	动作	许诺	我真匣弗~倷勒。（我才不给你什么许诺<即给你什么好处>哩。)
钝	den231	动作	反唇相讥	覅~人娘。（别讽刺人！）
捋	leh23	动作	一遍又一遍地说	叶勒海~哉。（又在念叨了！）
激刚	cih55kaon34	动作	用激将法	倷覅~我。（别对我用激将法。）
打切口		动作	说隐语	
□	tsia43	动作	浸泡，限于违反人愿的浸泡	~辣葛水里，裁烂脱哉。（泡在水里，都烂了。）
□	iuh43	动作	（用酱油等）渍	倒点酱油~一~鱼。
□	la51	动作	物体表面毛糙，容易粘住别的东西	鱼皮裁~牢辣镬子浪哉。（煎鱼时）鱼皮都粘在锅上了。
□	ngah23	动作	东西没放平，轻轻摇动	只杌子有点~。（这凳子没放稳，有点摇动。）
□	ueh43	动作	东西因长期不透气而霉烂变质	两件衣裳再弗晒晒裁要~脱哉。（这些衣服再不晒都快糟了。）
朽	shieu51	动作	因空气压力原因而吸住	搿只瓶盖头~牢哉。（这瓶盖儿给吸住了。）
渧	ti523	动作	很慢地滴水	
端	toe44	动作	东西的一头碰到水	脚管~辣水里哉。（裤腿伸在水里了！）
慢	me231	动作	没有火焰的燃烧	枝香裁~脱哉。（这枝香都点完了。）
千	tshie44	动作	因容器倒转而翻出来（限于固体）	当心篮里葛菜~出来。（当心篮子里的菜翻出来。）
鹊	tshiah43	动作	逆着纹路折断	节掐子~脱哉。（指甲碰断了。）
色	seh43	动作	散架	该只桶~脱哉。（这只桶散了。）
兔	thou523	动作	褪、蜕	~皮（蜕皮）
越	yuh23	动作	在微风中晃动，多指火	火勒海~。（火在闪动。）
撞	zaon231	动作	摞，用于碗之类	
足	tsoh43	动作	将纸之类东西上下敲动，使整齐	拿纸头~~齐。
闸（出来）	zaeh23	动作	①吐出来，冒出来	牙膏壳子破脱哉，牙膏~出来哉。（牙膏皮破了，牙膏都露出来了。）
闸（出来）	zaeh24	动作	②突然或短时去一下	快点去~一埭。（快点去跑一趟。）
订	tin523	动作	沉淀	水要~~脚勒好吃。（水沉淀一下才能喝。）
滤	li231	动作	过滤	拿块纱布来~~。
同	don223	动作	（形状相同的东西）套、摞（在一起）	罩裤~辣棉裤浪。（罩裤套在棉裤上。）
坍	the44	动作	塌	房子~脱哉。
罅	ho523	动作	微露缝	门~开一条缝。（门露出一条缝。）◇《广韵》祃韵呼讶“孔罅”
勚	i523	动作	磨损	只凳子坐得~脱哉。◇《广韵》祭韵余制切“劳也”
	ngaeh23	动作	①（器皿）缺（一小块）	
	ngaeh24	动作	②减少	~脱三块洋钿。（减价三元。）◇《广韵》辖韵勿辖切“器缺也”
迸坼	pan55tshah21	动作	开裂	木板~则
尺开	tshah55khe34	动作	（衣服之类）张开扣子	倷葛零头~仔弗好看。（你的领子张开了不好看。）
敷出	fu55tsheh21	动作	（边缘）露出	朆对齐，边有点~辣外头。
抛出	phau55tsheh21	动作		
弄	lon231	动作	“万能”动词，类似西南官话的“搞”	~~好。|~点饭吃。|~弗清爽。
□	pin523	动作	①憋	一口气~仔几分钟。
□	pin524	动作	②僵持	两家头~勒海，一个匣弗动。（俩人僵持着，一个也不动。）
□	sah43	动作	淘汰、精选	好葛~出来，坏葛~脱。（好的挑出来，坏的淘汰。）
□	thin523	动作	剩，留	~点拨俚吃吃。（留些给他吃。）
□	phan44	动作	匡算	~一~共总几化铜钿。（匡算一下总共多少钱？）
□（开）	phi51	动作	撇开	~~开，覅一径放辣心浪。（撇开点，别一直搁在心上。）
揩油	kha44yeu223	动作	占便宜	叶要来~哉。（又要来占便宜了。）
□皮	gaon22bi44	动作		
失□	seh55thie412	动作	失误	
更	kan44	动作	①倒转	~转一想，弗对回头一想，不对头；
更	kan45	动作	②调剂、“借”的委婉语	~葛两块洋钿拨我。（借两块钱给我。）
寻开心		动作	开玩笑	
漏	leu231	动作	开玩笑	
漏孛相		动作	开玩笑	
打棚	tan52ban223	动作		
解厌气		动作	解闷儿	
淘	dau223	动作	买东西到处挑选	件短衫是就货摊浪~得来的。（这上衣是就货摊上买来的。）
挽	ue51	动作	私人间的有偿转让	倷双鞋子~拨仔我吧。（你这双鞋让给我吧。）
掀	shie44	动作	炫耀、得意	着仔件新衣服，得意死了。）
攀	phe44	动作	准备、打算	~俚一百块洋钿终够哉。（准备它一百块钱总够了。）
卓	tsoh43	动作	聚合	~辣一~堆。（挤成一团。）
掮	jie223	动作	跟人攀比	覅去~别人家。（别去跟人攀比。）
该	ke44	动作	当……的面	~仔和尚骂贼秃。（俗语，当着和尚的面骂秃子，即指桑骂槐。）
畅	tshan523	动作	购置（大件财物）	仔一套红木家生（家具）。
居	ke44	动作	拥有较多财产	~家当。（很有钱。）
受	zeu231	动作	攒	~铜钿（攒钱）
极	jih23	动作	在比赛、游戏中耍赖、作弊	大牌覅~！
荐	tsie523	动作	占	场化裁拨俚~脱。（地方都给他占了。）
悄	tshiau523	动作	胡闹、捣乱	桩事体拨俚~脱则。（这事情给他搅黄了。）
混俏	wen24tshiau21	动作	瞎胡闹	只镬子补仔几转哉，弗好再~下去哉。（这口锅补了好几回了，不能将就了。）
柴	za223	动作	（将就着）做、用	收音机修弗好则，~吧。（收音机修不好了，凑和着用吧。）
柴柴	za22za44	动作	凑合	
绷绷	pan55pan21	动作	凑合	
弄弄	lon55lon21	动作	凑合	
打上	tan41zaon34	动作	发作	哀两日叶辣里~则。（这两天<毛病>又在发作了。）
划拆	wah23tshah55	动作	瓜分	我~一半。
推头	the55deu21	动作	推托	~身体弗适意佬朆去。（推脱身体不舒服就没去。）
欠脱	chie41theh34	动作	不慎丢失	本书拨我~哉。（这本书给我丢了。）
落锄	loh23zeu223	动作	因过于疲倦或没精神而不想动	一个人~则。
演磨	ie41mo34	动作	磨蹭	快点做作业，覅~！
着杠	zah23kaon31	动作	到手，略有贬义	~则。（到手了。）
缠	zoe231	动作	读阳去，指误解、弄（错）	倷~到哪搭去哉。（你扯<误解>到哪儿去了！）
供	cion523	动作	（令人讨厌地）呆着	~辣仔哀搭弗肯走。（老赖在这儿不愿走。）
骗	phie523	动作	哄骗	
号	ghau231	动作	估计容积	~~看，搿只罐头好装几化米。（估量一下这罐子能装多少米。）
合	keh43	动作	①“合伙”的“合”	两个人~看一只电视机。
合	keh44	动作	②邀人同行	明朝我来~倷。（明天我来邀你一起走。）
挜	o44	动作	对方不要硬给	~拨我匣覅。（白给我也不要。）
拨	baeh23	动作	（忙里偷闲地）去（一次）	倷等一等，让我去~脱一埭看。（你等一等，让我去一趟再说。）
豁	huaeh43	动作		
扒	bo223	动作	折腾	有仔两个铜钿，~杀哉。（有了几个钱，老折腾。）
宠	tshon51	动作	娇惯、宠爱	对小人忒~哉。（对孩子太宠爱了。）
拕	da223	动作	延宕	~晏仔多日哉。（拖延了好多天了。）◇《集韵》歌韵唐河切“引也”
惹	za231	动作	后头总接表人的名词或代词，用在句中有出乎意外的意味	~俚还弗肯去勒，别人想去匣勿不资格去。（他居然还不愿去，别人想去都没资格去。）
登	ten44	动作	呆（在某处）	~辣屋里。（呆在家里。）
打登	tan41ten34	动作	歇宿，临时住	到南京去葛说话，就~辣小李笃屋里好哉。（到南京去的话，就可以借住在小李家。）
作	tsoh43	动作	自找麻烦或给人找麻烦	倷葛小人~杀则。（你这孩子太折磨人了）
作死	tso55hsi52	动作	找死	倷勒海~啊？（你在找死啊？）
变死	pie55si21	动作	言行反常，自找麻烦	勒海~则。
变潮	pie552za1u	动作	言行反常，自找麻烦	
料煞	liau22saeh44	动作	料定	
看穿	khoe55tshoe21	动作	看破（人情世故）	
豁边	huaeh55pie34	动作	坏事了	恼末~。（这下完了！）
扯扯	tsha52tsha21	动作	互相拉平	一个阿哥末忒壮，一个弟弟末忒瘦，两家头要~得来。（一个哥哥太胖，一个弟弟太瘦，两人拉平<就好了>。）
划着	gho22zah44	动作	折算结果	一直西瓜十块洋钿，~一块半一斤。
触祭	tshoh23tsi55	动作	吃，贬义	
秃着	thoh55tsah55	动作	穿某件衣服后外头不再穿其他衣服	倷件绒线衫~是要弄个龌龊葛。（你这毛衣单穿在外头要弄脏的。）
打葛	tan41keh34	动作	兜售	俚葛菜卖弗脱哉，拼命葛勒浪~拨别人。（他的菜卖不了了，拼命地在兜售给人家。）
带草	ta55tshau21	动作	（写字）潦草	字写得规矩点，覅~。
等穿	ten41tshoe34	动作	等人到底，不见不散	
笃底	toh55ti52	动作	到顶头	十梓街一直走过去，~就是苏州大学。（走到头就是苏州大学。）
抵配	ti41phe34	动作	做好准备	~弗成功
抵刚	ti41kaon34	动作	做好准备	
难为	ne22we44	动作	破费	~仔三百只羊破费了三百元。
搞落	gau22loh44	动作	破费	
出道	tsheh55dau412	动作	学徒学成初成气候	倷米勒，还朆~勒。（你早着呢，还没成气候呢。）
顾怜	kou55lie21	动作	照顾、怜惜	
关照	kue55tsau21	动作	嘱咐	
辑理	tshih55li52	动作	调理、打扮	拿个囡儿~得实头好葛。（把女儿调理得真好。）
拉倒	la55tau21	动作	放弃努力，算了	
拉娘倒		动作	基本意思同“拉到”，但多单用，有一定感情色彩	难末~。（这下完完大吉。）
揽（手）	le231	动作	沾（手）	我来好哉，倷覅再~手哉。（我来吧，你别再沾手了。）
俚命	li44min231	动作	苟延残喘	一日天吃二两，实头是勒海~哉。（一天吃二两，真是在等死了！）
领盆	lin231ben223	动作	认输，服气（多用否定式）	我死匣弗~葛。（我死也不会服气！）
腻注	gni22tsyu44	动作	感到恶心	
弄松	lon22son44	动作	捉弄	覅去~别人。（别去捉弄人家。）
走样	tseu52yan231	动作	制作的物件跟本来的不一样	
劈对	phih55te412	动作	正对	
碰僵	phan41cian34	动作	弄僵	
欺瞒	chi55moe21	动作	欺负	
坍台	the44de223	动作	丢脸	
收作	seu55tsoh21	动作	①修理	枱子坏脱则，要~~。
收作	seu55tsoh22	动作	②收拾	房间龌龊则，要~~。
合淘	keh43dau223	动作	郊游	
发甲	faeh44kaeh44	动作	发出威力，大发脾气，也可喻为出人头地	
糟蹋	tsau55thaeh21	动作	浪费	~脱弗少物事。（浪费了很多东西。）
歪脚	hua44ciah43	动作	做某事临时走开一会儿	忙得脚匣弗好歪一歪。（忙得腿都不能挪一步。）
弗碍	feh55nge412	动作	没关系，没事儿	
是	zy231	动作		我~老师。
弗是	feh55zy412	动作	不是	俚~老师。
有	yeu231	动作		我~一个小人（孩子）。
无不	m22peh44	动作	勿	~铜钿（没有钱）
要	iau523	动作		我~哀个（这个）
勒海	leh23he31	动作	在	俚~屋里。（他在家。）
弗勒海		动作	不在	俚~。（他不在）
大	dou231	形容词		
小	siau523	形容词		
多	tou44	形容词		
少	sau51	形容词		
长	zan223	形容词	①绳蛮~；	
长	zan223	形容词	②（个子）高	俚比我~。
短	toe51	形容词	绳忒~	
矮	a51	形容词	我比俚~	
高	kau44	形容词	飞机飞得~	
低	ti44	形容词	鸟飞得~|凳子坐得~	
粗	tshou44	形容词		
细	si523	形容词	绳忒~|头颈（脖子）~	
深	sen44	形容词		
浅	chie51	形容词		
快	khua523	形容词	①速度快；	
快	khua523	形容词	②锋利	刀~
慢	me231	形容词	走路走得~	
早	tsau51	形容词	醒得~	
晏	e523	形容词	晚	睏得忒~（睡得太晚）
阔	khueh43	形容词	宽	马路蛮~
狭	ghaeh23	形容词	窄	弄堂忒~
对	te523	形容词	账算~则	
错	tsho44	形容词	账算~则	
干	koe44	形容词	衣裳~哉	
潮	zau223	形容词	衣裳沰~则（衣服淋湿了）	
凸	dih23	形容词	肚皮（肚子）~出	
凹	au44	形容词	眼睛~进去	
绽	ze231	形容词	籽粒饱满	
瘪	pih43	形容词	皮球~脱脱	
咸	ghe223	形容词	菜~	
淡	de231	形容词	菜~	
冷	lan231	形容词	天气~	
热	gnih23	形容词		
荫	in44	形容词	似比“冷”更强调温度低	天~得啦
厚	gheu231	形容词	①板~；	
厚	gheu231	形容词	②稠	粥~
薄	boh23	形容词	①板~；	
薄	boh23	形容词	②稀	粥~
正	tsen523	形容词		
歪	hua44	形容词	帽子戴~脱哉	
斜	zia223	形容词		
笡	tshia523	形容词	斜	
弯	ue44	形容词	条路是~葛	
孟	man231	形容词	密：菜种得~	
稀	shi44	形容词	菜种得~	
壮	tsaon523	形容词	①肥；	鸡蛮~
壮	tsaon523	形容词	②胖	人蛮~
瘦	seu523	形容词	鸡蛮~|人蛮~	
精	tsin44	形容词	（做食物的肉）瘦	拣~葛吃（挑瘦的吃）
红	ghon223	形容词		
白	bah23	形容词		
黑	heh43	形容词		
黄	waon223	形容词		
蓝	le223	形容词		
青	tshin44	形容词		
绿	loh23	形容词		
灰	hue44	形容词		
紫	tsy51	形容词		
大红	dou22ghon44	形容词		
粉红	fen41ghon34	形容词		
火红	hou41ghon34	形容词	红中带黄	
天蓝	thie55le21	形容词		
火黄	hou41waon34	形容词	黄中带红	
藏青	zaon22tshin44	形容词		
草绿	tshau41loh34	形容词		
玫瑰红		形容词		
赭石	tso55zah21	形容词	棕色	
栗壳色		形容词	栗子壳的颜色，比赭石稍浅	
玄色	yoe22seh44	形容词	黑色，多用于衣服	~棉袄
花白	ho55bah21	形容词	专指头发黑白相间	
好	hau51	形容词	统称	
坏	ua523	形容词	统称	
灵	lin223	形容词	好，只能做谓语，不能做定语	搿只照相机~葛。不能说：*~（葛）照相机
崭	tse51	形容词	比“灵”程度更高	搿只照相机真~！
牢	lau223	形容词	①牢固	只台子做得慢~。
牢	lau223	形容词	②中zhòng	牢哉。（球打）中了！
牢	lau223	形容词	③结果补语	看~俚。（看住他！）
扎制	tsaeh55tsyu412	形容词	坚固、结实	
蹩脚	bih23ciah55	形容词	（质量、能力）差	
推板	the55pe21	形容词	（质量、能力）差	
雅雅乎		形容词	（质量、能力）差，略有戏谑义，只能做谓语	搿种电视机是~葛。
搭浆	taeh55tsian34	形容词	①质量差	件衣裳做得忒~哉。（这衣服做得太差了。）
搭浆	taeh55tsian34	形容词	②做事马虎	倷好好叫做，覅~啊。（你好好干，别马虎啊！）
清爽	tshin55saon21	形容词		
干净	koe55zin21	形容词		
龌龊	oh55tshoh55	形容词	脏	
夜夜乎		形容词	表示程度太严重，令人吃惊	一件衣裳要一万块，真是~哉◇与“雅雅乎”不同
差弗多		形容词	差不多	
差仿弗多		形容词	差不多	
鲜鲜	sie55sie21	形容词	新鲜	搿肉弗大~哉。（这肉不太新鲜了。）
酌货	tsah55hou412	形容词	容器的容量大	哀只包蛮~葛。（这只包很能装东西。）
稳足	uen41tsoh34	形容词	稳当	
测	tsheh43	形容词	纸、布等因氧化而变脆、易破碎	件衣裳~脱哉。（这件衣服变质坏了。）
巉	ze231	形容词	陡	搿部胡梯~得啦。（这楼梯真陡。）◇《集韵》豏韵士减切“高峻貌”
催巉	tshe55ze21	形容词	陡	
□	goe223	形容词	碗、坛子之类的口比较小	搿只甏的口蛮~葛。（这坛子的口挺小的。）
□	ga231	形容词	东西变质而析出水分	隔夜粥有点~哉。（隔夜的粥有点出水了。）
□	go223	形容词	①东西大而笨重	只大橱做得忒~哉。（这大衣柜做得太笨重了。）
□	go223	形容词	②人不灵活	个小人实头~葛。（这孩子真不灵活。）
□	hau44	形容词	过分的咸，齁	放仔实梗星盐，～杀哉。（放了那么些盐，齁死了。）
蒿	hau44	形容词	有哈喇味	猪油~脱哉。（猪油有哈喇味了。）
翘	jiau223	形容词	不平	搿块板~葛。
𢜶	sau523	形容词	光阴迅速	辰光~杀◇《集韵》号韵先到切“快也”
香串	shian55tshoe21	形容词	（食物）鲜美	吃勒海蛮~。（吃着挺香。）
软串	ngoe22tshoe44	形容词	（食物）软和	排骨氽得~点。
软熟	ngoe22zoh44	形容词	（衣物）软和	被头摸勒海蛮~葛。
缩笃	soh55toh55	形容词	不新鲜	鸡蛋糕~覅吃吧。（鸡蛋糕不新鲜了，别吃吧。）
蔫	ie44	形容词	颜色不鲜艳	
衣水	i55syu21	形容词	因潮湿不干净而感觉不适。	床浪摸勒海~哉。（床上摸着潮得不舒服。）
衣徐	i55zi21	形容词	①难以言状的不舒服感	吃起来有点~。（吃着味儿有点别扭。）
衣徐	i55zi21	形容词	②非哭非笑的表情	~仔只面孔。（指脸上表情尴尬。）
隐写	in52sia21	形容词	荫蔽，不显露	马桶末放得~点。（马桶该放得荫蔽些。）
兴	shin44	形容词	生长茂盛	树~得啦。（树真茂盛。）
弯脚	ue55ciah21	形容词	指处所的位置出行不便，要绕路	
宽舒	khuoe55syu21	形容词	空间较大，感觉舒畅	
直落	zeh23loh55	形容词	挺直，不歪斜	衣裳拉拉~。
挺	thin51	形容词	硬而直，多用于衣服	西装蛮~
挺括	thin41kuaeh34	形容词	硬而直，多用于衣服	西装蛮~
笨头	ben22deu44	形容词	铅笔笔尖不尖	~铅笔
献	shie523	形容词	鲜艳	颜色忒~哉。（颜色太鲜艳了。）
敬	cin523	形容词	容易听见，声音容易传过去。	只隔一层板壁，讲点闲话蛮~葛。（只隔一层板壁，说起话来很容易互相听见。）
乡气	shian55chi21	形容词	土气	俚件衣裳有点~。
便当	bie22taon44	形容词	方便，不困难	趁汽车一站就到，蛮~。
便热	bie22gnih44	形容词	①同“强”；	
便热	bie22gnih44	形容词	②（占）便宜	覅去荐别人家~。（别去占人家便宜。）
回潮	we22zau44	形容词	返潮	黄梅天房间里~得来。
原个头		形容词	整个的	~葛鸡蛋。
调他	diau22tha44	形容词	时间宽裕，从容	辰光蛮~勒海，慢慢叫好勒。（时间挺宽余，可以慢慢地来。）
耀光	yau22kuaon44	形容词	因光线反射而看不清。	黑板浪~葛，看弗清爽。
丁倒	tin55tau21	形容词	颠倒	鞋子末~着仔。（怎么）倒穿了鞋。
舒齐	syu55zi21	形容词	①指环境舒适整齐；	
舒齐	syu55zi21	形容词	②事情办妥	事体裁~则。（事情都办妥了。）
窝逸	ou55yih21	形容词	（环境）温暖、舒适	哀只房间蛮~葛。（这个房间挺温暖、舒适。）
脗缝	min231von231	形容词	严丝合缝◇脗，《广韵》轸韵武尽切“脗合”	
鲜希	sie55shi21	形容词	奇怪	
相巧	sian55chiau21	形容词	恰巧符合要求	倷到商场里去，看见~葛衣裳搭我买一件。（你去商场，见到符合我要求的衣服帮我买一件。）
荐身	tsie55sen21	形容词	上算，不吃亏	算下来蛮~勒海。（算起来很上算。）
去货	chi55hou21	形容词	东西减少得快	吃起来来得葛~。（吃起来很容易吃完。）
滑肠	waeh23zan31	形容词	能起通便作用	香蕉吃仔~葛。
狼犺	laon22khaon44	形容词	东西大而累赘	
腻脂	gni22tsyu44	形容词	（东西）令人恶心	只镬子看勒海~得啦。（这锅子看着真恶心<指锅太脏>。）
秃龙	thoh55lon412	形容词	外衣里头没穿内衣	着件~棉袄。
壳龙	khoh55lon34	形容词	空，“空”的反切	衣裳忒大则，着勒海有点~~。（衣裳太大了，穿着有点空。）
实则	zeh23tseh55	形容词	不通	前头是条~弄堂。（前头是条死胡同。）
风坚	fon55cie21	形容词	食物的外表风干	年糕放仔两日~哉。（年糕放了几天风干了。）
见数	cie55sou21	形容词	数量少	我搿点工资是~葛。
有限	yeu24yie21	形容词	数量少，“限”文读，比较特殊	同“见数”
日长	gnih23zan31	形容词	白天较长，是一个形容词	现在天~哉。
笔挺	pih55thin52	形容词	形容很挺	西装~
必静	pih55zin52	形容词	形容很安静	
冰荫	pin55in21	形容词	冰凉	
拍满	phah55moe52	形容词	东西装得很满	
碌乱		形容词	形容很乱	屋里向弄得~。
碌乱三千		形容词	形容很乱	
突𪢮𪢮		形容词	（圆形物的）四周	~一圈裁是金葛。（周围一圈都是金的。）
血血叫		形容词	臭得令人难以忍受	味道~
拍拍潽		形容词	形容非常满	
必必静		形容词	非常安静	
独独煎		形容词	形容水沸腾	
热烔烔		形容词	形容热，褒义	
□□渧		形容词	形容湿透	身浪沰得~。（身上淋得湿透了。）
□	jia223	形容词	能干	俚笃屋里向蛮~葛。（他妻子挺能干的。）
□	gen231	形容词	（脾气）犟	脾气实头~葛。（脾气真犟。）
□	han51	形容词	歪（脖子）	俚葛头像杀有点~葛。（他的脑袋好像有点歪。）
锄	zeu223	形容词	困倦	今朝搿人~得啦。（今天这人好困倦啊<这人指自己>。）
周	tseu44	形容词	性格不随和，难伺候	俚个脾气~杀葛。
茄	ga231	形容词	对某事没有兴趣	个小人吃物事倒是~葛，顶好孛相。（这孩子吃东西倒随便，就是爱玩。）
茄门	ga22men44	形容词	对某事没有兴趣	
戆	gaon231	形容词	傻	
颛	tsoe44	形容词	①死心眼儿、想不开、不会见机行事，看不透人情世故	倷个人~是~得来。（你这个人真是不懂世故。）
颛	tsoe44	形容词	②言行不得体。	倷吃~脱哉。（你昏头了。）
殟塞	ueh55seh55	形容词	心中说不出的难受	心里~得了。
□	on523	形容词	心中说不出的难受	
□肿	on55tson21	形容词	心中说不出的难受	
惹气	za24chi21	形容词	令人生气	想想真是~葛
□罗	gou22lou44	形容词	（手）冻僵	天冷的啦，手匣~哉。（天好冷啊，手都僵了。）
阿末	aeh55meh55	形容词	最后	排着~一个。（排到最后一个。）
着末	zah23meh55	形容词	最后	
拗	au523	形容词	口音特别	口音有点~（口音有点特别<即不是本地话>。）
噱	shiuh43	形容词	让人发笑，可乐	听勒海真葛蛮~葛。
要好	iau55hau21	形容词	（关系）好	俚笃两家头来得个~。（他们俩<关系>好得很。）
巴结	po55cih21	形容词	努力、勤奋，褒义，没有讨好人的意思	做事体蛮~葛。
把细	po52si21	形容词	（做事）谨慎	
百抓	pah55tsa34	形容词	笨手笨脚，什么都做不来	做点事体总归~葛。（做点事总是笨手笨脚的。）
称心	tshen55sin21	形容词		
吃香	chih55shian34	形容词	吃得开	
吃硬	chih55ngan412	形容词	经受得起打击	搿小人（孩子）蛮~葛，敲俚匣弗哭（打他也不哭）。
乖	kua44	形容词	（孩子）听话	
厌	ie523	形容词	淘气	个小人~是~得来。（这孩子真淘气啊。）
嗲	tia51	形容词	撒娇的样子	搿小娘儿~是~得来！
扎顿	tsah55ten412	形容词	（身体）结实	
扎□	tsah55pon412	形容词	（身体）结实	
有清头		形容词	（孩子）懂事	俉笃儿子年纪末小，蛮~葛。（你儿子年纪小，挺懂事的。）◇不能单说“清头”
无清头		形容词	（孩子）不懂事	
出趟	tsheh55thaon412	形容词	（孩子）不怕见人，不怕跟人打交道	个小人倒蛮~葛。（这孩子倒能见世面的。）
理浪	li24laon21	形容词	指幼儿能不处处依赖大人	俚笃儿子三岁哉，蛮~哉。（他儿子三岁了，不处处依赖人了。）
闸底	zah23ti31	形容词	顽劣，多指孩子	
木觉	moh23koh55	形容词	反应迟钝	
木而觉之		形容词	反应迟钝	
穷健	jion22jie44	形容词	穷而健康，有解嘲、谦逊义。通常在告诉别人自己身体健康时说	我还算~。
粗光趟		形容词	大体上过得去，多指外表	人长得~。
大方	da22faon44	形容词	①大气；	
大方	da22faon44	形容词	②举止自然，不拘束	
大气	dou22chi44	形容词	不吝啬	
小气	siau52chi21	形容词	吝啬	
乐惠	loh23we31	形容词	舒服、会找乐儿	日脚过得蛮~。
小乐惠		形容词	小小的享受	每日吃点酒，~。
各别	koh55bih55	形容词	与众不同，略有贬义	俚搿人~葛。（他这人与众不同。）
到巴	tau55po21	形容词	差不多、到头	年纪~哉。（年纪差不多<不小>了。）
到家	tau55ka21	形容词	达到应有标准	做点事体蛮~。
道地	dau24di21	形容词	办事认真周到	做点事体真~。
登样	ten55yan21	形容词	像个样子	件衣裳着辣俚身浪倒蛮~葛。（这件衣服穿在他身上倒蛮好看。）
独福	doh23foh55	形容词	自私	搿个人~杀葛。（那个人自私得很。）
笃定	toh55din412	形容词	非常放心	
笃坦	toh55the52	形容词	非常放心	
恶掐	oh55khaeh55	形容词	刁钻可恶	一个人覅实梗~。（一个人别那么刁钻可恶。）
促掐	tshoh55khaeh55	形容词	刁钻可恶	
挖掐	uaeh55khaeh55	形容词	刁钻可恶	
尴尬	ke55ka21	形容词	左右为难，神态不自然	
苦恼	khou41nau34	形容词	可怜	搿个告花子（叫花子）真~。
苦恼子		形容词	可怜	
苦匣恼子		形容词	可怜	
佝	heu44	形容词	驼背	背有点~哉。（背有点驼了）◇《广韵》候韵呼漏切“偻佝”
海会	he55we21	形容词	自鸣得意、夸耀	倷看俚娘，~杀哉。（你看他啊，得意极了。）
好看	hau52khoe21	形容词		
气闷	chi55men21	形容词	烦闷	哀两日心里~杀。（这两天心里烦闷得很。）
际遭	tsi55tsau21	形容词	烦恼，比“气闷”程度更高	
狠	hen51	形容词	本领高强	赵子龙是几化~得来。（赵子龙本领多高啊。）
后生<老>	gheu22san44	形容词	年轻	俚看上去~得啦。（他看上去真年轻啊。）
糊涂	ghou22dou44	形容词		
活灵	weh23lin31	形容词	机灵，反应快	
活络		形容词	①活动的，不固定的；	
活络		形容词	②机灵，善于交际	
霍肉	hoh55gnioh55	形容词	贴心	
假	ka51	形容词	（穿着等）讲究	个小娘儿~是~得了来。（这小丫头真是讲究。）
吃假	chih55ka52	形容词	（穿着等）讲究	
结棍	cih55kun412	形容词	厉害	搿个老师蛮~葛。（这老师厉害得很。）
邋遢	laeh23thaeh55	形容词	脏，多指人	
来弗其		形容词	来不及（也能说“来得其”，即来得及）	快点，要~哉。（快点，要来不及了。）
来三	le22se44	形容词	行	阿~？~葛。（行吗？行。）
来事	le22zy44	形容词	行	
揽事	le24zy21	形容词	皮肤比较容易招惹蚊子、跳蚤等叮咬	我葛皮肤~杀葛。（我的皮肤最招蚊子。）
懒聊	le22liau44	形容词	懒惰，生活不爱检点。	个人实头~葛。（这人真是懒散。）
无料	m22liau44	形容词	不好好过日子，乱花钱，不承担家庭责任	俚笃爷是～杀葛。
懒怕	le22phoh44	形容词	怕做事	哀两日~得啦。（这两天很怕做事。）
搭杀	taeh55saeh55	形容词	两个或以上负面的人或事正好凑在一起，令人无奈	搿两个宝货是~葛。（这俩人真是一对活宝。）
狼形	laon24yin21	形容词	贪婪的样子	吃起来阿要~啊。（吃起来样子多难看。）
捞	lau44	形容词	吃饭时饭菜吃得太多。旧时生活条件差，吃饭时只能多吃米饭，少吃菜，所以常有~的指责。	伲儿子吃菜~是~得来，真吃俚弗消。（我儿子吃菜太多，真受不了。）
老茄	lau22ga44	形容词	年轻人充资格老、什么都懂	小赤佬覅~。（你小子别充老资格。）
老三老四			年轻人充资格老、什么都懂	
老卵	lau22loe44	形容词	年轻人充资格老、什么都懂，较粗俗	
老颜	lau22nge44	形容词	容颜老	看勒海蛮~葛。（外貌看着挺老的。）
弗错	feh55tsho34	形容词	①不错（颇好的意思）；	
弗错	feh55tsho34	形容词	②没错（同意对方的意见）	
捩切	lih23tshih55	形容词	很难伺候（的人）	俚~杀葛。
罗皂	lou22zau44	形容词	嘈杂	课堂里~得啦。（教室里真嘈杂。）
落开	loh55khe412	形容词	言行大方、慷慨	
发噱	faeh55shiuh55	形容词	逗笑	俚讲得蛮~葛。
发松<老>	faeh55son34	形容词	逗笑	
落拓	loh23thoh55	形容词	不修边幅	
孟门	man22men44	形容词	蛮横	
横对	wan22te44	形容词	强词夺理	
米	mi231	形容词	时间或水平差得远	倷要超过我是~勒。
米得势		形容词	时间或水平差得远，更高级	
难过	ne22kou44	形容词	难受、伤心	俚考试弗及格，心里蛮~。
难航	ne22ghaon44	形容词	难以承受	一日天做是个钟头是~葛。（一天干十个钟头是受不了的。）
闹猛	nau22man44	形容词	热闹	
闹热	nau22gnih44	形容词	热闹	
怕难为情		形容词	腼腆	搿个小娘儿~杀葛。（这女孩子腼腆得很。）
排曹	ba22zau44	形容词	丢人现眼	看搿注触腔，阿要~啊。（这种讨厌相，多丢人！）
漂亮	phiau52lian21	形容词	主要指人，男女都适用，也可指物	
标致	piau55tsyu21	形容词	只适用于女性	
难看	ne22khoe44	形容词	主要指人，男女都适用，也可指物	
七欠	tshih55chie412	形容词	言行不得体、不合常理，该做的不做，不该做的要做	做点事体~葛。
七弗老欠		形容词	言行不得体、不合常理，该做的不做，不该做的要做	
七弗老三欠		形容词	言行不得体、不合常理，该做的不做，不该做的要做	
活七欠		形容词	言行不得体、不合常理，该做的不做，不该做的要做，口气更重	真是~。（真糟。）
少少叫		形容词	很少见	搿场猛门葛人是~葛。（这么蛮不讲理的人真少见。）
少神出见		形容词	很少见	
勤俭	jin22jie44	形容词	勤劳	
清健	tshin55jie21	形容词	健康，专用于老人	俚笃阿爹他长远弗见，加二~哉。（他爷爷好久不见，更加健康了。）
恘	chieu44	形容词	（人）坏	搿葛人蛮~葛。
热昏	gnih23hun31	形容词	荒唐	真~！
热络	gnih23loh55	形容词	关系亲热，交往多	
杀薄	saeh43boh23	形容词	程度很严重，让人难以承受，相当于够呛	冻得我~！
杀瘾	saeh55gnie412	形容词	得到完全满足，过瘾	今朝葛酒吃得我~葛。（今天的酒我喝得真过瘾！）
杀渴	saeh55kheh55	形容词	得到完全满足，过瘾	
适意	seh55i412	形容词	（体内）舒服	日朝起来跑跑步蛮~。（每天起床后跑跑步很舒服。）
写意	sia52i21	形容词	（生活环境）舒服	沙发浪睏睏蛮~。（在沙发上躺着很舒服。）
爽快	saon52khua21	形容词	直爽、痛快	俚脾气蛮~葛。
爽气	saon52chi21	形容词	直爽、痛快	
窝心	ou55sin21	形容词	心中满意舒适	心里蛮~。
乌苏	ou55sou21	形容词	因不干净、不整齐而令人不舒服	几化日脚弗淴浴，身浪~杀哉。（好多天没洗澡，身上难受死了。）
下作	gho22tsoh44	形容词	下流	
恶劣	oh55lih55	形容词	可恶	搿小贼~得来。（这小子太可恶。）
厌气	ie55chi21	形容词	寂寞	日朝关辣房里，~杀哉。（天天关在屋里，真寂寞。）
咬	ngau231	形容词	渴望	~杀葛想要畅套红木家生。（渴望着想要买套红木家具。）
要紧	iau55cin21	形容词		
要紧弗杀		形容词	非常匆忙	倷~走作啥？（你为什么急着走？）
野好	ya22hau44	形容词	过意不去、难为情，常用语客套话	送仔搿点物事拨伲，真是~哉。（送了那么些东西给我们，真太不好意思了。）
弹硬	de22ngan44	形容词	过得硬	我搿只产品是~。
硬横	ngan22wan44	形容词	硬气，不服软	人末小，倒蛮~葛。（人虽然小，倒挺硬气。）
做作	tsou55tsoh21	形容词	作秀	样子弗自然，忒~则。
贼腔	zeh23chian31	形容词	行为举止丑	看俚搿种样子，阿要~！
王六	waon22loh44	形容词	指人不可靠，靠不住	倷想靠儿子是~葛。（你想靠儿子是靠不住的。）
轧实	gaeh23zeh55	形容词	①确实	倷葛闲话~惑。（你的话确实<对>。）
轧实	gaeh23zeh55	形容词	②实际上	说末说十只羊（十块钱），~末七只羊（七块钱）就够则。
酌趣	tsah55tshie412	形容词	知趣、自觉，不给人添麻烦	俚蛮~葛。（他很知趣。）
酌敛	tsah55lie52	形容词	知趣、自觉，不给人添麻烦	
无趣	m22tshi44	形容词	没意思	倷讲出哀种闲话来就~则。（你说这样的话就没意思了。）
弗趣	feh55tshi412	形容词	同“不欢而散”的“不欢”	倷弄弄就要搭别人家~葛。（你跟人打交道一不小心就要不愉快。
近情	jin22zin44	形容词	情况接近打到目的	俚笃两家头谈得~。（他俩快谈成了，多指谈恋爱。）
着乖	tsah55kua34	形容词	机灵，会看眼色	
托熟	thoh55zoh55	形容词	非常熟悉	讲起苏州葛景致来末，我~。
角灵灵		形容词	形容穿得特别端正，有讽刺义	倷看俚今朝要去见丈母娘，着（穿）得~。
白撩撩		形容词	（脸色）苍白	
直独独		形容词	直来直去，略有贬义	讲闲话弗好搿场~葛。
野豁豁		形容词	差的太多，离谱	
厌淘淘		形容词	色眯眯	搿个赤佬看见女人就有点~则。
鬼搭搭		形容词	鬼鬼祟祟	
物事	meh23zy31	形容词	东西	
劳曹	lau22zau44	形容词	劳什子，对东西之类的贬称	
老鬼三		形容词	鬼东西，带有一定程度的厌恶或害怕	搿~叶来哉。（那鬼东西又来了！）
好货	hau52hou21	形容词	好东西	
老爷货		形容词	老出毛病，像老爷那样要人伺候的器物	
厾脱货		形容词	废物	
落脚货		形容词	很差的东西	
触当货		形容词	质量不合标准的货或假货	
假老戏		形容词	假的东西	
小零之碎		形容词	价钱不高的小东西，多指食物	买点~拨小人吃吃。（买点小东西给孩子吃。）
空屁	khon55phi21	形容词	空的，什么都没有	
魂灵	wen22lin44	形容词	灵魂	
魂灵头		形容词	灵魂	
窝荡	ou55daon21	形容词	位置，多指比较舒适的位置	哀搭是我葛老~，倷覅坐得来。（这是我的老位置，你别坐这儿。）
肉段		形容词	猪身上肉最多的部位，比喻最精华的部分	
介形<老>	ka55in21	形容词	状态	
外快	nga22khua44	形容词	另外的好处	
毛栗子		形容词	屈起中指，敲击脑门儿	
触腔	tshoh55chian34	形容词	令人讨厌的样子	看搿种~，阿要排曹。（看这种讨厌相，多丢人。）
笃脸	toh55lie52	形容词	脸，贬义	看看倷只~，阿要贼腔。（看你这张脸，多丑！）
嘴讲	tsyu41kaon34	形容词	口才	~蛮好。（很有口才。）
噱头	shiuh55deu34	形容词	①小骗局，多出现在商家兜售商品时；	
噱头	shiuh55deu34	形容词	②演员用的笑料	
□尔	ueh55er34	形容词	小骗局，多出现在朋友开玩笑时	拨俚个~吃吃。
堆卓	te55tsoh21	形容词	成堆的东西的体积	看上去~倒弗少惑。（卡上去这一堆东西倒不少啊。）
下巴戏		形容词	糟糕的事、乱子	难要弄出~来哉。（这下要糟了。）
尖年头		形容词	尖儿	
地地脚管<老>		形容词	地址	摘个~拨我。（抄个地址给我。）
地头脚管<老>		形容词	地址	
气力	chi55lih21	形容词	力气	
气把	chi55po21	形容词	全身整体的力气，比“气力”要抽象一些	俚葛~实头好葛。（他的力气真大。）
当口	taon55kheu21	形容词	机会到来的时刻	齐巧勒海~浪，千万弗好错过。（正好机会来，千万不能错过。）
料摸	liau22moh44	形容词	即“胸中无数”的“数”	倷捺亨一滴滴~匣无不。（你怎么一点儿数也没有？）
眼功	nge22kon44	形容词	眼力	俚葛~蛮好葛，一枪就打中。
花头	ho55deu21	形容词	①花招	俚~蛮大葛。（他花招挺多。）
花头	ho55deu21	形容词	②隐藏的好处	做哀个生意是无不啥~葛。（做这个生意没什么油水。）
花露水		形容词	隐藏的好处	
因头	in55deu21	形容词	苗头	桩事体像杀有点~哉。（这事情好像有点苗头了。）
招势	tsau55syu21	形容词	现场的惊人情势，比如许多人蜂拥抢购东西	搿种~是看勒海匣吓葛，还是覅买吧。（这种情势看着都害怕，还是别买了。）
潮流	zau22leu44	形容词	意义同普通话，但老的口语中常用，声调为阳去。现在从普通话来的~，则读阳平	搿是~范就，无不办法葛。（这是潮流决定的，没办法改。）
脱□	theh55thie412	形容词	失误	我一个~，闯仔祸则。
脉门	mah23men31	形容词	关键的穴道	一把抓辣~浪。
栏关	le22kue44	形容词	遮拦，遮挡。多用于房屋	搿个房子造得弗好，一滴滴~匣无不。（这房子盖得不好，一点儿不安全。）
汤塔	thaon55thaeh21	形容词	遮拦，遮挡。多用于房屋	
累坠	le22ze44	形容词	这是口语说法	拿爷娘当~是弗可以加。
靠傍	khau55baon21	形容词	依靠	一滴滴匣无不~是弗来三葛。（一点儿没有依靠是不行的。）
小吓里/底		形容词	儿时	伲儿子~好孛相杀葛。（我儿子小时候好玩得很。）
八成账		形容词	八成	~弗来则。（八成不来了。）
一卓堆		形容词	紧挤在一起的一团	卓辣~。（挤成一团。）
雨豁搭		形容词	下雨时中间短暂的停歇不下的时间	趁~，倷快点走吧。（趁雨暂时停了，你快走吧。）
前夹心		形容词	胸脯，本指猪的，实际多用于人，略有讽刺义	~挺出仔，神气杀则。（挺着胸，神气死了。）
彭光气		形容词	一肚子气	听见仔~。（听了让人一肚子气！）
肚膨气胀		形容词	一肚子气	
生腥气		形容词	有的食物因半生不熟，会有一种生的气味，如没有完全炒熟的花生米	
泥土气		形容词	①指食物有类似泥土的异味	泥鳅吃起来有~葛，苏州人是覅吃葛。（泥鳅吃着有泥土气，苏州人是不吃的。）
泥土气		形容词	②心理上的厌恶、惧怕	昨日出门就碰着别人出棺材，心里~得啦。
酒扑气		形容词	人喝了酒后口重呼出的酒气	
落汤鸡		形容词	形容浑身湿透的人	
暗关子		形容词	玄机，多指语言中的	俚葛闲话里向有~勒海。（他话中有话。）
沐泰山		形容词	①苏州著名中药店	
沐泰山		形容词	②比喻人行动迟缓	真是个~，到现在还摸弗出。（到现在还在磨蹭。）
身背浪		形容词	身上（的责任）	~葛责任蛮重。
回往心		形容词	痛感前非之心	一个人要有点~。
江湖诀		形容词	江湖骗子的骗术	
臀塌冲		形容词	屁股蹲儿	
一	ih43	数词量词	数数：～二三	
二	gni231	数词量词	数数：一～三	
两	lian231	数词量词		
三	se44	数词量词	数数：一二～，下面七条同	
四	sy523	数词量词		
五	ng231	数词量词		
六	loh23	数词量词		
七	tshih43	数词量词		
八	poh43	数词量词		
九	cieu51	数词量词		
十	zeh23	数词量词		
一个	ih55keh55	数词量词		
两个	lian24keh21	数词量词		
十个	zeh23keh55	数词量词		
第一	di22ih44	数词量词		
第二	di22gni44	数词量词		
第十	di22zeh44	数词量词		
第一个		数词量词		
第二个		数词量词		
第十个		数词量词		
一号	ih55ghau412	数词量词	指日历的日期	
两号	lian24ghau21	数词量词	指日历的日期，二号，不说“二号”，但书写时写成“二号”	
十号		数词量词	指日历的日期	
初一	tshou55ih21	数词量词	专指农历的日期	
初二	tshou55gni21	数词量词	专指农历的日期	
初十	tshou55zeh21	数词量词	专指农历的日期	
二十	gni24zeh21	数词量词	专指农历的日期	
老大	lau24dou21	数词量词	指子女的排行	
老二	lau24gni21	数词量词	指子女的排行	
老拖	lau22thou44	数词量词	最小的（孩子）	
大哥	da22kou44	数词量词		
二哥	gni22kou44	数词量词		
十一	zeh23ih55	数词量词		
十二		数词量词		
十五	so52ng21	数词量词		
廿	gnie231	数词量词		
二十	er22zeh44	数词量词		
廿一	gnie22ih44	数词量词		
廿二	gnie22gni44	数词量词		
廿五	gnia22ng44	数词量词		
三十	se55zeh21	数词量词		
三十一		数词量词		
三十五		数词量词		
一百	ih55pah55	数词量词		
一千	ih55tshie34	数词量词		
一百零两		数词量词		
一百十		数词量词		
一百十个		数词量词		
一百十一		数词量词		
一百廿		数词量词		
一百三		数词量词		
两百	lian24pah21	数词量词		
两百五（十）		数词量词		
二百五		数词量词	喻指傻瓜	
两百五十个		数词量词		
一千一		数词量词	一千一百	
一千一百个		数词量词		
两千	lian24tshie21	数词量词		
一万	ih55ve412	数词量词		
一万两		数词量词	一万二千	
两万	lian24ve21	数词量词		
两万五		数词量词	两万五千	
零	lin223	数词量词		
两家头		数词量词	俩人（强调二人关系好）	弟兄~要好杀。（兄弟俩很好。）
三家头		数词量词	仨人（强调二人关系好）	伲~一淘去。（咱们仨一块儿去。）
两斤	lian24cin21	数词量词	二斤	
二两	gni24lian21	数词量词		
二钱	gni24zie21	数词量词		
两钱	lian24zie21	数词量词		
两尺	lian24tshah21	数词量词	二尺	
两寸	lian24tshen21	数词量词	二寸	
两里	lian24li21	数词量词	二里	
两担	lian24te21	数词量词	二担	
两斗	lian24teu21	数词量词	二斗	
两亩	lian24m21	数词量词	二亩	
几个	ci52keh21	数词量词		
多个	tou55keh21	数词量词	好几个	
半个	poe41keh34	数词量词		
一个半		数词量词		
大一半		数词量词	大半	
小一半		数词量词	小半	
个把	kou55po21	数词量词	一个左右	
一两个		数词量词	一个或两个	
头两个		数词量词	两个或两个略多	
三四个		数词量词		
三五个		数词量词		
七八个		数词量词		
靠十个		数词量词	近十个	
十三四个		数词量词		
十三五个		数词量词		
十七八个		数词量词		
十多个		数词量词		
十几个		数词量词		
百把个		数词量词	一百个左右	
一百多个		数词量词		
千把个		数词量词	一千个左右	
万把块		数词量词	一万块左右	
一两里路		数词量词	一里或者二里路	
一块半		数词量词	1.50元（人民币）	
两角半		数词量词	0.25元（人民币）	
一滴滴		数词量词	一点儿	
一沰沰		数词量词	一点儿	
一密密		数词量词	一点儿	
一屑屑		数词量词	一点儿	
一眼眼		数词量词	一点儿	
只	tsah43	数词量词	一～猪、马、牛、狗、鸟、蚊子、台子（桌子）、矮凳（凳子）、交椅（椅子）、床、碗、茶壶、茶杯、船、飞机、房间、缸、手、臂膊（胳膊）、歌、故事、镬子（锅）、麻袋、篮、桶、学堂（学校）、钟、表（手表）、嘴	
个	keh43	数词量词	一～人、客人、鼻头（鼻子）、馒头、西瓜、书包、枕头	
根	ken44	数词量词	一～头发、黄瓜、油条、香烟、自来火（火柴）、蜡烛、延线（缝衣针）、扁担、绳、竹头（竹子）	
条	diau223	数词量词	一～河、鱼、蛇、裤子、被头（被子）、单被（被单）、席、肥皂（相连的两块）、路	
部	bu231	数词量词	一～车子、汽车、脚踏车、机器、电话、电影	
块	khue523	数词量词	"一～板、布、大饼（烧饼）、手巾、绢头、肥皂、砖头、肉、洋钿（钱） "	
粒	lih23	数词量词	一～豆、西瓜子、长生果肉（花生米）、米、糖（指水果糖）、星	
沰	toh43	数词量词	一～水、痰、恶（粪便）、血、眼泪、馋唾（口水）	
主	tsyu51	数词量词	种：哀～人、物事（东西）、颜色	
把	po51	数词量词	一～伞、出头、枪、超（调羹）、扫帚、刀、锁、米	
副	fu51	数词量词	一～圈（耳环），镯头，筷、象棋、牌、手套、眼镜	
顶	tin51	数词量词	一～桥、轿子、帽子、帐子	
瓣	pe51	数词量词	一～花瓣、叶子、书（一页书）	
笔	pih43	数词量词	一～生意、账、铜钿（钱）	
段	doe231	数词量词	一～墨、布、文章	
杆	kuoe51	数词量词	一～笔、秤	
件	jie231	数词量词	一～衣裳、行李	
棵	khou44	数词量词	一～树、菜	
口	kheu51	数词量词	一～井、棺材、吃一～	
面	mie231	数词量词	一～旗、镜子、见一～	
门	men223	数词量词	一～题目、亲事	
囊	naon223	数词量词	一～橘子（指橘子的一瓣儿）	
爿	be223	数词量词	一～店、厂、医院	
扇	soe51	数词量词	一～窗、门	
双	saon44	数词量词	一～鞋子、袜	
张	tsan44	数词量词	一～纸头（纸）、报	
支	tsyu44	数词量词	一～笔、枪	
埭	da231	数词量词	一～（行）字、走一～（走一趟）、去一～	
杯	pe44	数词量词	一～茶，烧酒	
家	ka44	数词量词	一～人家	
间	ke44	数词量词	一～房间	
具	jiu231	数词量词	一～锁	
顿	ten523	数词量词	一～饭、生活（一顿打）	
帖	thih43	数词量词	一～药（重要）	
谢	za231	数词量词	一～雨	
样	yan231	数词量词	一～物事（东西）	
炷	tsyu51	数词量词	一～香	
桩	tsaon44	数词量词	一～事体（事情）	
主	tsyu51	数词量词	一～房子	
幢	zaon231	数词量词		
本	pen51	数词量词	一～书	
封	fon44	数词量词	一～信	
朵	tou51	数词量词	一～花	
盏	tse51	数词量词	一～灯	
X	a44	数词量词	一～西瓜（指西瓜的一块）	
琴	jin223	数词量词	一～琴头（台阶）	
桌	tsoh43	数词量词	一～酒水（酒席）	
出	tsheh43	数词量词	一～戏	
篇	phie44	数词量词	一～文章	
刀	tau44	数词量词	一～草纸（卫生纸）	
碗	uoe51	数词量词	一～饭	
卷	cioe51	数词量词	一～纸头	
担	te523	数词量词	一～米	
进	tsin523	数词量词	一～房子	
串	tshoe523	数词量词	一～鞭炮	
对	te523	数词量词	一～花瓶	
套	thau523	数词量词	一～书	
窠	khou44	数词量词	一～胡峰	
尊	tsen44	数词量词	一～菩萨	
堵	tou51	数词量词	一～墙头（墙）	
皮	bi223	数词量词	层：砌仔一～砖头	
荡	daon231	数词量词	一～场化（地方）	
跨	kho523	数词量词	一～（一拃，大拇指与中指张开的长度）	
盒	ghah23	数词量词	一～自来火（火柴）	
角	koh43	数词量词	一～洋钿（钱）	
瓶	bin223	数词量词	一～酱油	
箱子	sian55 tsy21	数词量词	一～衣裳	
橱	zyu223	数词量词	一～衣裳	
抽屉	tsheu55 thi21	数词量词	一～档	
篮	le223	数词量词	一～菠菜	
炉子	lou22 tsy44	数词量词	一～灰	
缸	kaon44	数词量词	一～水	
袋	de231	数词量词	一～米	
袋袋	de22 de44	数词量词	一～糖（一口袋糖）	
罐头	kuoe55 deu21	数词量词	一～荔枝	
甏	ban231	数词量词	一～老酒（一坛子酒）	
吊子	tiau55 tsy21	数词量词	一～开水（一壶开水）	
镬子	ghoh tsy	数词量词	一～饭（一锅饭）	
笼	lon223	数词量词	一～馒头（包子）	
盘	boe223	数词量词	一～水果	
盆子	ben22 tsy44	数词量词	一～小菜（一碟子菜）	
超	tshau44	数词量词	一～汤（一勺汤）	
盘	boe223	数词量词	着（下）一～棋	
附	vu231	数词量词	绕一～线	
圈	chioe44	数词量词	叉一～麻将	
记	ci523	数词量词	敲一～（打一下）	
转	tsoe51	数词量词	回：去一～	
我	ngou231	代词		
奴	nou231	代词	女子自称	
倷	ne231	代词	你	
俚	li44	代词	他	
俉倷	n55ne21	代词	他	
伲	ni231	代词	我们，包括或不包括听话人	俉笃弗去~去。（你们不去我们去！）|~一淘去。(咱们一块儿去。）
俉笃	ng24toh21	代词	你们	
俚笃	li55toh21	代词	他们	
大家	da22ka44	代词		
自家	zy22ka44	代词	自己	
别人家		代词		
别人	bih23gnin31	代词		
人家	gnin22ka44	代词		
哀个	e55keh21	代词	这个	我要~，覅弯个。（我要这个，不要那个。）
该个	ke55keh21	代词	这个	
弯个	ue55keh21	代词	那个	我要哀个，覅~。（我要这个，不要那个。）
归个	kue55keh21	代词	那个	
搿个	geh23keh55	代词	这个或那个	我要~，覅弯个。（我要这个，不要那个。）|我要哀个，覅~。（我要这个，不要那个。）
哪个	lo23keh31	代词		
哪里个		代词		
哀搭	e55taeh21	代词	这里	辣~，弗辣弯搭。（在这里，不在那里。）
该搭	ke55taeh21	代词	这里	
哀搭摊		代词	这里	
哀搭点		代词	这里	
弯搭	ue55taeh21	代词	那里	辣哀搭，弗辣~。（在这里，不在那里。）
归搭	kue55taeh21	代词	那里	
搿搭	geh23taeh55	代词	这里或那里。	辣~，弗辣弯搭。（在这里，不在那里。）|辣哀搭，弗辣~。（在这里，不在那里。）
哪搭	lo23taeh31	代词	哪里	倷到~去。（你到哪里去？）
哪搭点		代词	哪里	
啥场化		代词	哪里	
哪里搭		代词	哪里	
哀场	e55zan21	代词	这么，这样（高/做）	~贵啊！
该场	ke55zan21	代词	这么，这样（高/做）	
弯场	ue55zan21	代词	那么，那样（高/做）	~贵啊！
归场	kue55zan21	代词	那么，那样（高/做）	
搿场	geh23zan55	代词	这/那么，这/那样	~贵啊！
实梗	zeh23kan55	代词	这/那么，这/那样	
实梗		代词	所以	俚身体弗好，~弗来哉。（他身体不好，所以不来。）
搿佬		代词	所以	
捺亨	naeh23han31	代词	怎样，怎么	哀个（这个）字~写？|~，阿灵？（怎么样，棒不棒？）
几化	ci52ho21	代词	①很多	有~人。（有很多人。）
几化	ci52ho21	代词	②问多少	有~人？（多少人？）
几化	ci52ho21	代词	③多么（高、大、厚、重）	~重勒海。
几化	ci52ho21	代词	④问多（高、大、厚、重）	~重？
几时	ci52zyu21	代词	哪一天	倷~来？（你哪天来？）
啥辰光		代词	什么钟点	现在~则？
几点钟		代词	什么钟点	
啥	sa523	代词	什么	吃点~？（吃点什么？）
啥人	sa41gnin34	代词	谁	倷寻~？（你找谁？）
啥个	sa41keh34	代词	什么	哀个（这个）是~字？|~事体？（什么事体？）
啥等样		代词	什么样的	俚是个~人？
作啥	tsoh55sa412	代词	①干什么	倷勒海~？（你在干什么？）
作啥	tsoh55sa412	代词	②为什么	你~弗去？
啥体	sa41thi34	代词	为什么	倷~弗去？（你为什么不去？）
啥佬	sa41lau34	代词	为什么	
伲葛	gni24keh21	代词	我的，我们的	
伲爷	gni231ya223	代词	我爸	~今年60岁。
倷葛	ne24keh21	代词	你的	
俉笃爷		代词	你爸	~阿辣屋里？（你爸在家吗？）
哀点	e55tie21	代词	这些	
该点	ke55tie21	代词	这些	
搿点	geh23tie55	代词	这些	
弯点	ue55tie21	代词	那些	
归点	kue55tie21	代词	那些	
搿点	geh23tie55	代词	那些	
哀种	e55tson21	代词	这种	
哀注	e55tsyu21	代词	这种	
哀种介个		代词	部分人习惯这么说，似以女孩子为多	~物事我真匣覅勒。（这种东西我才不要呢。）
伲两家头		代词	我们俩，咱们俩	
俉笃两家头		代词	你们俩	
俚笃两家头		代词	他们俩	
夫妻两家头		代词	夫妻俩	
夫妻淘里		代词	夫妻俩	
娘两个		代词	娘儿俩（母子或母女）	
爷两个		代词	爷儿俩（父子或父女）	
拜姆淘里		代词	妯娌们	
姑嫂淘里		代词	姑嫂们	
婆新妇淘里		代词	婆媳俩	
弟兄两家头		代词	兄弟俩	
兄弟淘里		代词	兄弟们	
姊妹两家头		代词	姐妹俩	
姊妹淘里		代词	①姐妹们；	
姊妹淘里		代词	②兄弟姊妹们	
男人家子		代词	爷儿们（男子的通称）	
女人家子		代词	娘儿们（妇女通称）	
弗	feh43	副词能愿词	不	
朆	fen44	副词能愿词	未曾，没有，副词	
覅	fiau523	副词能愿词	①不要	我~。
阿	aeh43	副词能愿词	②别	倷~去。（你别去。）
[曾阿]	an44	副词能愿词	用在动词前，表过去的是非问，可曾	倷昨日~去。（你昨天去了没有？）
蛮	me44	副词能愿词	很	~灵。（很好。）
裁	ze223	副词能愿词	都，圈	~来则。
匣	ghaeh23	副词能愿词	①也	倷去我~去。
匣	ghaeh23	副词能愿词	②都	连老师~弗懂。
顶	tin51	副词能愿词		弟兄三个当中俚（他）~大。
最	tse51	副词能愿词		
就	zeu231	副词能愿词		我吃仔饭~去。
叶	yih23	副词能愿词	又	~来则。
还	we223	副词能愿词		俚~朆转来。（他没回来。）
忒	theh43	副词能愿词	太	房子~贵，买弗起。
再	tse44	副词能愿词		明朝~来。
穷	jion223	副词能愿词	非常，20世纪60年代出现的说法	
交关	ciau55kue21	副词能愿词	非常	
甚忙	zen22maon44	副词能愿词	过分	吃得~饱弗好。（吃得过分饱不好。）
过份	kou41fen34	副词能愿词		
本生	pen41san34	副词能愿词	原本	~弗去葛。（原本不去。）
本则	pen41tseh34	副词能愿词	原本	
常张<老>	zan22tsan44	副词能愿词	常常	
触爬	tshoh55bo52	副词能愿词	恐怕	~要落雨则。
出爬	tsheh55bo52	副词能愿词	恐怕	
大面<老>	dou22mie44	副词能愿词	多半的可能	俚~是弗会得来哉。（他多半是不会来了。）
板	pe51	副词能愿词	一定	~要去。|~弗来哉。（一定不来了。）
板要	pe52iau21	副词能愿词	一定要	~来吤。（这是嘱咐对方必须来！）
定坚	din22cie44	副词能愿词	表意愿的一定	~要去。|~弗肯。（硬是不干。）
定规	din22kue44	副词能愿词	表意愿的一定	
硬做	ngan22tsou44	副词能愿词	表意愿的一定	
阿壳张		副词能愿词	怎料到	~俚会出事体葛。（谁知道他会出事呢？）
弗壳张		副词能愿词	没想到	~俚会出事体葛。（没想到他会出事啊！）
阿作兴		副词能愿词	是否可能	~俚弗来则。（他会不会不来了？）
弗作兴		副词能愿词	不应该	~骂人葛。（骂人是不应该的。）
刚刚	kaon55kaon21	副词能愿词	刚，指时间	俚~来
刚正	kaon55tsen21	副词能愿词	刚，指时间	
姜<老>	cian44	副词能愿词	刚，指时间	
加二<老>	ka55gni21	副词能愿词		今朝比昨日~热。
更加<新>	ken41ka34	副词能愿词		
共总	gon22tson44	副词能愿词	总攻	
一塌刮子		副词能愿词	一股脑儿	~裁勒海哉。（一股脑儿全在<这里>了。）
搁落三姆		副词能愿词	一股脑儿	
亨孛冷打		副词能愿词	一股脑儿	
亨孛冷		副词能愿词	一股脑儿	
一起手		副词能愿词	一下子	~吃仔三碗饭。
大约模账		副词能愿词	大概	~三个号头。（大概三个月。）
毛毛叫		副词能愿词	奖金	~三十斤。（将近三十斤。）
豪燥	ghau22sau44	副词能愿词	赶紧	~走吧。（时间不早了，快走吧。）
横竖	wan22zyu44	副词能愿词	反正	弗要紧，~还来得其（来得及）。
横道	wan22dau44	副词能愿词	反正	
横竖道		副词能愿词		
即莫	tsih55moh55	副词能愿词	即将	~要好快哉。（马上就要完<完成、结束>了。）
家险乎		副词能愿词	差一点	~笑出来。（差一点笑出来。）
险家乎		副词能愿词	差一点	
坚（吃、着、用）	cie44	副词能愿词	经（吃），耐（穿、用）	炒蛋是弗~吃葛。（炒鸡蛋可是不经吃的啊。）
亏得	chiu55teh21	副词能愿词	幸亏	~我老早有准备。
亏杀	chiu55saeh21	副词能愿词	幸亏	
老讲	lau24kaon21	副词能愿词	老师	俚~迟到。
马上	maon55zan21	副词能愿词		
难板	ne22pe44	副词能愿词	难得	倷~来葛。
千定	tshie55din21	副词能愿词	千万，副词	~弗好忘记啊！
剩光	zen22kuaon44	副词能愿词	只剩	我~一块洋钿则。（我只剩一块钱了。）
偏生	phie55san21	副词能愿词	偏	弗让俚去，俚~要去。（不让他去，他偏要去。）
偏	phie44	副词能愿词		
偏偏	phie55phie21	副词能愿词		
死杀	si41saeh34	副词能愿词	硬是	批评俚，俚~弗领盆。（批评他，他硬是不服气。）
齐巧	zi22chiau44	副词能愿词	恰好	~十斤|~拨我碰着。（批评他，他硬是不服气。）
□性	saeh55sin412	副词能愿词	索性	~吃光仔吧。（干脆吃完了吧。）
伤性	saon55sin21	副词能愿词	索性	
尚怕	zaon22pho44	副词能愿词	恐怕	~弗会来哉。（恐怕不会来啦。）
张怕	tsan55pho21	副词能愿词	恐怕	
尚期<老>	zan22ji44	副词能愿词	恐怕	
生天	san55thie21	副词能愿词	本来、一向	我~实梗葛。（我一向如此。）
直头	zeh23deu31	副词能愿词	①果真	~弗来则。（果真不来了。）
直头	zeh23deu31	副词能愿词	②真	今朝葛菜~灵葛。（今天的菜真好。）
着着	zah23zah55	副词能愿词	用在方位词前，指最尽头的位置	~里向，~后头
顺带便		副词能愿词	顺便儿	
仰刚	gnian22kaon44	副词能愿词	仰脸（躺）	覅~睏。（别仰脸躺。）
一埭路		副词能愿词	一路上，一边……	~走、~吃。（一边走，一边吃。）
一干子		副词能愿词	①一个人	我~捺亨弄得连牵介。（我一个人怎么干的成呢？）
一干子		副词能愿词	②独自	我~去
一家头		副词能愿词	①一个人	
一家头		副词能愿词	②独自	
一脚走		副词能愿词	一次性	saq性~写好仔吧。（干脆一次写完了吧。）
一径		副词能愿词	一直	~住辣苏州
一靠背		副词能愿词	清一色	~裁是白衬衫蓝裤子。（清一色都是白衬衫蓝裤子。）
一来兴		副词能愿词	一下子	~就吃光哉。（一下子就吃完了。）
一道	ih55dau34	副词能愿词	一块儿	搭倷~去。（跟你一块儿去。）
又心	yeu22sin44	副词能愿词	既然做了第一件事，干脆再做第二件	倷辣伲搭吃仔中饭，~夜饭匣辣伲搭吃吧。（你在我们家吃了午饭，干脆晚饭也在我们家吃吧。）
有心	ieu55sin21	副词能愿词	故意	~捣乱
原归	gnioe22kue44	副词能愿词	还是（原样）	~一样|~要去
缘善	yoe22zo44	副词能愿词	本来已……	俚~勒海弗开心，倷还要去惹俚。（他本来就不高兴，你还要去惹他。）
难通道		副词能愿词	难道	~俚会得骗我？
再难	tse55ne21	副词能愿词	无论，再	~哭匣无妈用。（再哭也没有用。）
侭让	tsin52gnian21	副词能愿词	尽自	弗好~拨俚孛相葛。（不能尽让他玩。）
真主	tsen55tsyu21	副词能愿词	主要	~裁是俚做葛。（主要都是他干的。）
心心	sin55sin21	副词能愿词	全部	~裁是俚做葛。（全部都是他干的。）
独剩	doh23zan31	副词能愿词	老师	~坐辣门口头。
直脚	zeh23ciah55	副词能愿词	简直	
弗然	feh55zoe34	副词能愿词	不然，否则	
吓挺	hah55thin52	副词能愿词	到极顶	倷件以上，~卖一百块。（你这件衣服，最多卖一百元。）
先弗先		副词能愿词	首先	~俚就弗肯去。（首先他就不愿意去。）
阿超至于		副词能愿词	何至于	~实梗伤心。（何至于这么伤心。）
弗超至于		副词能愿词	不至于	
阿有介事		副词能愿词	有这么回事吗？	
夹夹绕		副词能愿词	缠着不放	
呆板数		副词能愿词	确定无疑	~八点钟上班
淘来弗来		副词能愿词	顺便，不是特地	倷搭我~看看阿尤宽紧带卖。（你帮我说顺便看看有没有松紧带卖。）
呆呆调		副词能愿词	恰好	一跤跟朵~跌辣水凼里。（一跤恰恰摔在水潭里。）
轧轧实实		副词能愿词	老实说	~几钿？（实说多少钱？）
□	tsi44	副词能愿词	再（制），重新（加工）	搿是~摇头绳结葛。（这是再生毛线打的。）|哀葛粥是~热粥。（这粥是重新加热的。）
大头航注		副词能愿词	第一重要	~，饭先吃饱仔再讲。（第一要紧，先吃饱了饭再说。）
自然络然		副词能愿词	自然而然	用弗着学葛，到辰光~会葛。（不用学，到时候自然会。）
蛆钻划辣		副词能愿词	形容痒得难以忍受	身浪向~葛痒。（身上痒得难以忍受。）
只	tseh43	副词能愿词	净	~吃菜，弗吃饭。
摊	the44	副词能愿词	净	
摊摊	the55the21	副词能愿词	净	
单单	te55te21	副词能愿词	净	
只	tseh43	副词能愿词		我~去过一埭。
终	tson44	副词能愿词	大约	~会得来加。（大约总会来吧？）
准定	tsen52din21	副词能愿词	约定	~明朝去。（说定了明天去。）
准其	tsen41ji34	副词能愿词	约定	
物事	meh23zy31	副词能愿词	大概，用在句子开头，表示对情况的推测	~俚昨日朆晓得葛。（大概他昨天没听到。）
作兴	tsoh55shin34	副词能愿词	可能	明朝~要落雨。
作时<老>	tsoh55zyu34	副词能愿词	可能	
作兴道		副词能愿词	可能	
故所以		副词能愿词	所以	
不过	pih55kou34	副词能愿词		
但不过		副词能愿词		
非但	fi55de21	副词能愿词	不但	
弗但	feh55de34	副词能愿词	不但	
嘦得	ciau41teh34	副词能愿词	只要	~俚弗去，事体就弄弗成功。
在外	ze22ga44	副词能愿词	另外	每个小朋友发两块饼干，听闲话葛~发一块糖。
直搭葛		副词能愿词	很迫切地	~要得去则。（很迫切地拿走了。）
一A	ih43	副词能愿词	A得多，A限于少数情况可以迅速发生变化的常用单音节形容词	一好。（好得多。）|眼睛门前一亮。（一下子亮多了。）
一A得勒	ih43…teh55leh55	副词能愿词	A得多	一好得勒。|一亮得勒。
搭	taeh43	介词连词	①和	我~倷裁是苏州人
搭	taeh43	介词连词	②跟	我~俚一淘去。（我跟他一块儿去。）
搭	taeh43	介词连词	③替	倷~我写封信。
难	ne223	介词连词	连词，承接前句，相当于“这下”	~弄弗落则。（这下弄糟了。）
辣	laeh23	介词连词	在	~苏州工作。|坐~地浪（地上）。
勒海	leh23he31	介词连词	在（这儿）	~屋里（在家）|~做作业|一径立~（一直站着）
勒浪	leh23laon31	介词连词	在（那儿）	~北京（在北京）|~做作业|一径立~（一直站着）
拨	peh43	介词连词	给，被	~俚骂仔一顿。
拿	no223	介词连词	把	~门关好。
朝	zau223	介词连词		俚勒海~我笑。（他在对我笑。）
望	maon231	介词连词	①~到外头；	
望	maon231	介词连词	②~里向走（望里走。）	
问	men231	介词连词	①问	~俚一个问题。
问	men231	介词连词	②向	~俚借本书。
从	zon223	介词连词	~今朝起；象声词	
插贴塔		介词连词	形容猪肉之类的东西掉底下的声音	一摊肉酱~特辣地浪（掉在地上）。
百滴答		介词连词	形容东西折断的声音	
北的笃		介词连词	形容灵便、快捷地一跳	
此通此通		介词连词	哭泣的样子，哭声小，但很伤心	
□此□此		介词连词	形容人不擅辞令，说不清话的样子	
低低□□		介词连词	形容幼儿说很多话的可爱样子	
听听□□		介词连词	携带的东西水太多，带到哪儿是，水滴到哪儿，这种情况叫~	
听□踢塔		介词连词	搬动器物时发出的很大声音，附加成分	
第—	di231	介词连词	用于排序	~一、~二
初—	tshou44	介词连词	用于农历日期	~一、~二
老—	lau231	介词连词	①用于子女的排行	~大、~二
老—	aeh43	介词连词	②用于姓前	~张、~李
阿—	aeh43	介词连词	①用于子女的排行，跟“老”相近；	~大、~二头
阿—	aeh43	介词连词	②用在少量指人的俗语钱，多有贬义	~曲死（土气的人）
能—	nen223	介词连词	后头跟表重量、容量的量词，如“斤，碗，船”等，表示将近一斤，一碗，一船，强调多，中加成分	有~碗得来。（差不多一碗呢！）
—勒—	leh23	介词连词	在两个重叠的动词中，表示动作的连续反复，后置成分	摇~摇|飘~飘|看~看，看出问题来则
—子	tsy51	介词连词	名词后缀	儿~、鞋~、学生~
—头	deu223	介词连词	①名词后缀	石~|浇~（加在面条上的菜肴）|甜~|阿六~（老六，指人）
—头	deu223	介词连词	②动词后缀，表示做某事的价值	吃~（吃头儿）：搿个菜无不|看~（看头儿）：该出戏有~
—儿	ng	介词连词		筷~（筷子）|囡~（女儿）|小娘~（小女孩儿）
笃	toh43	介词连词	在人称代词或指人名词后，表这一类人	俚~（他们）|学生子~（学生们）
浪	laon	介词连词	方位词“上”	天~|抬子~
浪向	laonshian	介词连词	方位词“上”	
里	li231	介词连词	方位词	屋~（家里）|学堂~（学校里）|心~
里向	li22shian44	介词连词	方位词	
搭	taeh43	介词连词	在名词、代词后，表处所	哀~（这里）|哪~（哪里）|小王~（小王那儿）
搭点	taehtie	介词连词	在名词、代词后，表处所	
搭摊	taehthe	介词连词	在名词、代词后，表处所	
葛	keh43	介词连词	助词“的”，本子应是“个”	我~物事(我的东西）|红~衣裳|我会~
叫	ciau	介词连词	重叠式副词的后缀	轻轻~|慢慢~
—生活	san3weh43	介词连词	制作补语，相当于“很”，前头必须有“得”	喊俚做点啥是难得~（叫他做点什么真难极了。）
—淘里	dau22li44	介词连词	在名词后，表某一类人，强调起内部关系较好	姊妹~|同学~
—家子	ka55tsy21	介词连词	在名词后，表某一种身份的人	男人~
—跟手	ken55seu21	介词连词	身边	就辣爷娘~。（就在父母身边。）
—范就	ve24zeu21	介词连词	在名词后，指一个注定的、无法改变的原因	年纪~，做弗动哉。（年纪原因，做不动了|潮流~，无不办法葛。（这是潮流如此，无法改变的。）
—滴嗒	tih55taeh55	介词连词	在形容词后，非完全重叠式后缀，贬义	绸头~（形容人很绸，绸大致有“二百五”的意思|洋盘~（嘲笑人很外行）
吉夹	cih55kaeh55	介词连词	在形容词后，非完全重叠式后缀，贬义	
…法…法	…faeh43…faeh43	介词连词	在动词后，表状态	跳法跳法（跳啊跳啊）|挥法挥法（甩啊甩啊）
拗	au44	助词叹词	表示听从对方的意见，多用在孩子对家长	~，晓得则。
孩	ghe223	助词叹词	表示是这样	~，是该。
哑	o51	助词叹词	表示终于清楚了	~，是实梗。
鞋	gha223	助词叹词	表示没听见	~，倷讲啥？
盐	ye223	助词叹词	表示奇怪	~，人呢？
□一	wah23ih55	助词叹词	表示突然想起	~，想着则。（啊，想到了！）
尺贡	tshah55kon412	助词叹词	糟了、完了	恼末~。（这下完了。）
趁趁	tshen55tshen52	助词叹词	语气词，单用，表示不满、不平，类似北京口语“什么事儿”	难信道我就讲弗得啊？~！（难道我就说不得？什么事儿！）
趁趁得来		助词叹词	口头禅	
搿末	geh23meh55	助词叹词	那么，实际上常成为口头禅	~我明朝弗来则。
恼末	nau22meh44	助词叹词	发语词，表示接着往下说	~俚到仔上海。（然后他到了上海。）|~好（这下可好<反话>！）
□末	na22meh44	助词叹词	发语词，表示接着往下说	
难末	ne22meh44	助词叹词	发语词，表示接着往下说	
叫我		助词叹词	要是我……	倷忒好说话，~是弗肯该。（你太随和，要是我不会同意。）
叫啥		助词叹词	竟然、居然	昨日搭俚讲得蛮着实，今朝~会放生葛。（昨天跟他说得好好的，今天竟然会失约！）有时语义很弱，成了发语词。声调始终是前轻声。
倒说	tau55seh21	助词叹词	竟然、居然	
阿有啥		助词叹词	虚数事情时的口头语，谁知道	~我一开门看见一只老虫（老鼠）窜多！
赛过	se41kou34	助词叹词	在叙述事情一时说不出时常说	我昨日……~……有点……
葛说话		助词叹词	……的话	倷弗去~，就无不倷葛份抓。（你不去的话，就没你的份儿啦。）
要死哉		助词叹词	常用口头语，表示轻度的惊讶、不满，一般只用于女性	~，捺亨好讲搿种闲话葛佳。（天哪，怎么能说这种话呀。）
亦罢哉		助词叹词	对话时回答对方的口头语，但愿如此，如对方说孩子和有出息，考上大学了，就可回答	搿末（那么）~！
谢谢	zia22zia44	熟语		
覅客气		熟语	甭客气	
对弗住		熟语	对不起	
弗要紧		熟语	没关系（应答语）	
晏歇会		熟语	待会儿见，再见	
明朝会		熟语	明天见，再见	
再会	tse55we21	熟语	再见	
好葛	hau52keh21	熟语	表示同意对方，行（应答语）	
弗来事		熟语	不行	
触俉笃娘		熟语	操你妈，最常见骂人话	
看冷铺		熟语	冷眼旁观	登辣边浪~。（在一边看笑话。）
熟冷拳		熟语	趁人不备，暗中出手打人	
弄松人		熟语	捉弄、算计人	
出噱头		熟语	制造小骗局	倷勒海~惑。（你在捉弄人啊。）
扳错头		熟语	找茬	
搭架子		熟语	摆架子	
扎台形		熟语	出风头	倷今朝是~加。（你今天出足风头。）
掉枪花		熟语	偷梁换柱，弄虚作假	
打回票		熟语	碰钉子	
吃夹当		熟语	隔在中间两头受指责	
掼纱帽		熟语	辞职不干	
隑牌头		熟语	以……为靠山、后台	
拍马屁		熟语		
闯乡邻		熟语	串门儿，略有贬义	
搭讪头		熟语	套近乎	
拆烂污		熟语	做事不负责任	
吃讲茶		熟语	旧时习俗，发生矛盾的双方在茶馆里喝茶评理	
倒胃口		熟语	反感	
做人家		熟语	节约	蛮~葛|弗大~
掘壁洞		熟语	小偷在墙壁上挖洞，从墙洞入室偷东西	
开条夫		熟语	提出条件	
捉死蟹		熟语	瓮中捉鳖	
摸屁股		熟语	赶在别人后头	
豁零子		熟语	暗示别人	
照牌头		熟语	靠得住，愿望一定能实现	
看人头		熟语	对人不一视同仁	
掮木梢		熟语	受人利用，被人当枪使	
掮湿木梢		熟语	受人利用，被人当枪使	
吃豆腐		熟语	主要用言语挑逗妇女	
塔便宜		熟语	占便宜	
度死日		熟语	工作不积极、不负责，混日子	
吃钝头		熟语	碰钉子	
吃独食		熟语	一个人吃，不与人分享	
横戳枪		熟语	节外生枝	
摊世界		熟语	形容把东西扔得到处都是，不收拾	一转来就~。（一回来就把东西扔得到处都是！）
照份理		熟语	按理	~倷弗应该去葛。（按理你不应该去。）
寻休思		熟语	找茬儿	
睏扁头		熟语	白日做梦	
捏鼻头做梦		熟语	白日做梦	
捉冷刺		熟语	趁人不备	
发极蹦		熟语	因着急而用尽办法	
卖关子		熟语	说到事情的紧要、关键之处，故意停下不说	
无淘成		熟语	许许多多	铜钿用脱~。（钱用了很多。）
杭情杭事		熟语	许许多多	
讨手脚		熟语	令人麻烦	
抢羹饭		熟语	“羹饭”是供死人的，~是骂人吃饭太快	
轧苗头		熟语	察言观色	
打圆场		熟语	为争执双方调解、斡旋	
触壁脚		熟语	背后说人坏话	
关心筋		熟语	触及根本利害	覅搭俚提职称，搿是~葛事体。
有介事		熟语	有此事，确实如此	
踏肩头		熟语	几个人在年龄上一个挨着一个，多指一家好多兄弟姊妹，都是差两岁一个，这种现象五十年前常见	
听壁脚		熟语	偷听人家说话	
吃□头		熟语	挨批评	
吃排头		熟语	挨批评	
吃生活		熟语	挨揍	
扳退眼		熟语	用食指讲眼皮往下拉，讥笑人家不识羞耻	
抄近路		熟语		
偷死怪		熟语		
熬好戏		熟语		
有卵用		熟语		
无心想		熟语		
挑挑俚		熟语		
弗失头		熟语		
触霉头		熟语		
弗连牵		熟语		
弗像则		熟语		
弗犯着		熟语		
弗领盆		熟语		
弗入调		熟语		
弗习上		熟语		
弗灵□		熟语		
弗直落		熟语		
弗卵俚		熟语		
瞎卵斗		熟语		
瞎尺拍		熟语		
瞎妻穿		熟语		
好说话		熟语		
搭死掼		熟语		
穷迸绷		熟语		
无妈用		熟语		
懊门痛		熟语		
朝南坐		熟语		
恶死做		熟语		
窠里反		熟语		
半爿俏		熟语		
交叉过		熟语		
对壁撞		熟语		
下原虚		熟语		
逆面冲		熟语		
带坑臭		熟语		
人来疯		熟语		
路角侧		熟语		
鸡头浑		熟语		
阿胡卵		熟语		
鸭屎臭		熟语		
张晓得		熟语		
肚肠痒		熟语		
老茧起		熟语		
懒屁股		熟语		
喇叭腔		熟语		
假掩头		熟语		
假花头		熟语		
真生活		熟语		
真家伙		熟语		
大近共		熟语		
近共		熟语		
大生活		熟语		
和罗处		熟语		
矮模样		熟语		
模样		熟语		
模样浪		熟语		
尴尬戏		熟语		
咬得入		熟语		
弄弗落		熟语		
拎弗清		熟语		
屁糟筋		熟语		
意弗过		熟语		
气过骱		熟语		
催急急		熟语		
（眼睛）结（大/出）		熟语		
赶动身		熟语		
熟着法		熟语		
烂污糟		熟语		
脚碰脚		熟语		
直拔直		熟语		
和搭和		熟语		
缠勒拌		熟语		
把小心		熟语		
马件件		熟语		
一绞圈		熟语		
一来兴		熟语		
六席惹		熟语		
大淘点		熟语		
痴头怪脑		熟语		
犟头掘脑		熟语		
贼皮塌脸		熟语		
弹眼落睛		熟语		
勾肩搭背		熟语		
韧皮吊筋		熟语		
抓手抓脚		熟语		
前脚后脚		熟语		
出生出世		熟语		
面长面短		熟语		
真问真讲		熟语		
直言谈相		熟语		
关门落闩		熟语		
敲钉钻脚		熟语		
牵丝扳藤		熟语		
添油加酱		熟语		
浓油擦酱		熟语		
脱头落襻		熟语		
奇出怪样		熟语		
各旗各式		熟语		
闲文野账		熟语		
缠弯里曲		熟语		
死猫活实		熟语		
爬高络上		熟语		
横阔竖大		熟语		
绢光滴滑		熟语		
勒杀吊死		熟语		
老吃老做		熟语		
多说多话		熟语		
说来话去		熟语		
筋牵拉牵		熟语		
当着弗着		熟语		
神之乎之		熟语		
腾仓搭仓		熟语		
甜葛咸葛		熟语		
一天世界		熟语		
一和细丝		熟语		
一归一至		熟语		
指点戳三		熟语		
跌搭四冲		熟语		
奇出八怪		熟语		
派头一六		熟语		
搞七廿三		熟语		
一脚六手		熟语		
弗二弗三		熟语		
弗三弗四		熟语		
三番四复		熟语		
五爪金龙		熟语		
六缸水混		熟语		
三角六球		熟语		
七翘八裂		熟语		
七歪八训		熟语		
七端八正		熟语		
傍七傍八		熟语		
千多万谢		熟语		
横冷横冷		熟语		
白添白添		熟语		
挨年挨年		熟语		
徐坐徐坐		熟语		
扶寿扶寿		熟语		
□掐□掐		熟语		
（物事裁）发（出来）		熟语		
汗毛凛凛		熟语		
眼窠盈盈		熟语		
贼脱希希		熟语		
贼骨牵牵		熟语		
活扎利利		熟语		
方楞出角		熟语		
热吹颇烫		熟语		
淡子刮搭		熟语		
厚脂纳得		熟语		
厚脂黑纳得		熟语		
破注落索		熟语		
笔立司直		熟语		
擦光全新		熟语		
刮辣松脆		熟语		
夹燎丝白		熟语		
百葛来皱		熟语		
弄统过印		熟语		
的角四方		熟语		
心心挂念		熟语		
完完大吉		熟语		
疑惑疑之		熟语		
直丝直落		熟语		
的的刮刮		熟语		
坏坏抓抓		熟语		
割割裂裂		熟语		
拗拗应应		熟语		
陌陌生生		熟语		
陌陌户头		熟语		
细细到到		熟语		
细模细想		熟语		
杀杀薄薄		熟语		
断气喇叭		熟语		
老结主意		熟语		
笃定泰山		熟语		
珠花野米		熟语		
夹和钢金		熟语		
灰毛落拓		熟语		
灰尘白塳		熟语		
踏杀蚂蚁		熟语		
啥个一出		熟语		
狗屄倒灶		熟语		
说弗嘴响		熟语		
睏思梦东		熟语		
冤枉年障		熟语		
瞎说贴出		熟语		
杂葛乱拌		熟语		
城隍鬼叫		熟语		
啥个力升		熟语		
肮脏忘味		熟语		
狼藉脱		熟语		
贼弗空手		熟语		
真崭实货		熟语		
舞头劈拍		熟语		
劈虚当中		熟语		
别立火尖		熟语		
冤家七世		熟语		
纽结古结		熟语		
结葛罗多		熟语		
烟弗多点		熟语		
老夫塔之		熟语		
妈而哈之		熟语		
俚呼拉呼		熟语		
摇丁活络		熟语		
等人心焦		熟语		
根老固实		熟语		
地陌生疏		熟语		
哭出乌拉		熟语		
直腰懒掼		熟语		
扎搭一把		熟语		
私皮夹账		熟语		
大起忙头		熟语		
曷得弗转		熟语		
少成出见		熟语		
小家排气		熟语		
稀湿落托		熟语		
扣料划水		熟语		
吓脱个喜		熟语		
约只马道		熟语		
冰荫结骨		熟语		
牵相引头		熟语		
搲拉弗出		熟语		
吊儿郎当		熟语		
成更半夜		熟语		
呆头木屑		熟语		
昏头瞌冲		熟语		
昏头昏脑		熟语		
昏头七冲		熟语		
眼窠落潭		熟语		
干筋火旺		熟语		
百门四散		熟语		
槽头血痒		熟语		
老鬼失辟		熟语		
大眼眯妻		熟语		
荐荐上路		熟语		
无手抓罗		熟语		
生病六痛		熟语		
阴阳怪气		熟语		
刁钻促掐		熟语		
一排连牵		熟语		
四四着落		熟语		
红白团穿		熟语		
灵魂出窍		熟语		
临时完结		熟语		
替换落班		熟语		
出脚蛮便		熟语		
赤卵弟兄		熟语		
死蟹一只		熟语		
一似同形		熟语		
一似一脱式		熟语		
拿当得出		熟语		
另有一功		熟语		
吃牢告仔		熟语		
盯牢告仔		熟语		
盯牢黄包车		熟语		
暖（辣一道）		熟语		
毛里有病		熟语		
来得正好		熟语		
伸只后脚		熟语		
遮世人眼		熟语		
荡得溜溜		熟语		
爽了个宕		熟语		
吃俚弗杀		熟语		
有道理葛		熟语		
搭弗落色		熟语		
让俚去希		熟语		
一个批头		熟语		
一个忘形厌		熟语		
一个突头眼		熟语		
一个勃来花		熟语		
一对带拉苏		熟语		
一事两勾当		熟语		
一拍一抿缝		熟语		
脚踏两头船		熟语		
学咙三板响		熟语		
七更八式调		熟语		
板板六十四		熟语		
翘嘴笃舌头		熟语		
本作里货色		熟语		
自病自得知		熟语		
搲屎厾烂泥		熟语		
鸡毛当令箭		熟语		
无不好先戏		熟语		
无不落场势		熟语		
横里竖搭角		熟语		
无脚蟹坨坨		熟语		
回得出报门		熟语		
瞎缠三官经		熟语		
大不可小算		熟语		
卓准仔火光		熟语		
五斤狠六斤		熟语		
反装门印子		熟语		
弗是生意经		熟语		
眼睛地白色		熟语		
瞎子称道笑		熟语		
出窠小弟兄		熟语		
老皮脓贡疮		熟语		
碰鼻头转弯		熟语		
老实弗客气		熟语		
谢谢一家门		熟语		
老虎弗动身		熟语		
米得势勒海		熟语		
有笃花事体		熟语		
说弗得葛穿		熟语		
十得咕廿四咕		熟语		
门开得直荡荡		熟语		
换仔第二三个		熟语		
轰生恁立起来		熟语		
顶仔石臼做戏		熟语		
阿□□，髈牵筋		熟语		
宝宝子，肉肉子		熟语		
长一买勒大一买		熟语		
长一买大一买		熟语		
隔夜饭匣呕出来		熟语		
夹脚屁股跟出来		熟语		
一丈水退仔八尺		熟语		
讲忙头里炒螺蛳		熟语		
讲忙头里髈牵筋		熟语		
三只节头扼田螺		熟语		
敲脱仔牙子望肚里咽		熟语		
带泥老卜吃一段汏一段		熟语		
幺二三		熟语		
子丑寅		熟语		
城隍老		熟语		
